file,line,type,commit,author,date,time,timezone,datetime,depth,length
style.css,1,css,090c3606,Casey J So,2025-09-28,19:22:59,-07:00,2025-09-28T19:22:59-07:00,0,4
style.css,2,css,090c3606,Casey J So,2025-09-28,19:22:59,-07:00,2025-09-28T19:22:59-07:00,1,23
style.css,3,css,7edca735,Casey J So,2025-10-07,16:45:18,-07:00,2025-10-07T16:45:18-07:00,1,15
style.css,4,css,7edca735,Casey J So,2025-10-07,16:45:18,-07:00,2025-10-07T16:45:18-07:00,1,42
style.css,5,css,1de16c22,Casey J So,2025-10-09,21:23:01,-07:00,2025-10-09T21:23:01-07:00,1,11
style.css,6,css,6ac6b661,Casey J So,2025-10-25,19:25:00,-07:00,2025-10-25T19:25:00-07:00,1,24
style.css,7,css,401eef3b,Casey J So,2025-10-09,21:56:29,-07:00,2025-10-09T21:56:29-07:00,1,18
style.css,8,css,1df68710,Casey J So,2025-10-07,17:06:28,-07:00,2025-10-07T17:06:28-07:00,0,0
style.css,9,css,6ac6b661,Casey J So,2025-10-25,19:25:00,-07:00,2025-10-25T19:25:00-07:00,0,0
style.css,10,css,1df68710,Casey J So,2025-10-07,17:06:28,-07:00,2025-10-07T17:06:28-07:00,0,5
style.css,11,css,1df68710,Casey J So,2025-10-07,17:06:28,-07:00,2025-10-07T17:06:28-07:00,0,6
style.css,12,css,1df68710,Casey J So,2025-10-07,17:06:28,-07:00,2025-10-07T17:06:28-07:00,1,16
style.css,13,css,1df68710,Casey J So,2025-10-07,17:06:28,-07:00,2025-10-07T17:06:28-07:00,0,0
style.css,14,css,1df68710,Casey J So,2025-10-07,17:06:28,-07:00,2025-10-07T17:06:28-07:00,0,0
style.css,15,css,1df68710,Casey J So,2025-10-07,17:06:28,-07:00,2025-10-07T17:06:28-07:00,0,3
style.css,16,css,1df68710,Casey J So,2025-10-07,17:06:28,-07:00,2025-10-07T17:06:28-07:00,1,12
style.css,17,css,27e1d210,Casey J So,2025-10-14,23:06:41,-07:00,2025-10-14T23:06:41-07:00,1,23
style.css,18,css,6ac6b661,Casey J So,2025-10-25,19:25:00,-07:00,2025-10-25T19:25:00-07:00,1,22
style.css,19,css,04658967,Casey J So,2025-10-14,23:12:41,-07:00,2025-10-14T23:12:41-07:00,1,43
style.css,20,css,1df68710,Casey J So,2025-10-07,17:06:28,-07:00,2025-10-07T17:06:28-07:00,0,0
style.css,21,css,1df68710,Casey J So,2025-10-07,17:06:28,-07:00,2025-10-07T17:06:28-07:00,0,0
style.css,22,css,11f4be5f,Casey J So,2025-10-07,20:57:44,-07:00,2025-10-07T20:57:44-07:00,0,4
style.css,23,css,6ac6b661,Casey J So,2025-10-25,19:25:00,-07:00,2025-10-25T19:25:00-07:00,1,22
style.css,24,css,11f4be5f,Casey J So,2025-10-07,20:57:44,-07:00,2025-10-07T20:57:44-07:00,1,32
style.css,25,css,11f4be5f,Casey J So,2025-10-07,20:57:44,-07:00,2025-10-07T20:57:44-07:00,0,0
style.css,26,css,11f4be5f,Casey J So,2025-10-07,20:57:44,-07:00,2025-10-07T20:57:44-07:00,0,0
style.css,27,css,1df68710,Casey J So,2025-10-07,17:06:28,-07:00,2025-10-07T17:06:28-07:00,0,5
style.css,28,css,1df68710,Casey J So,2025-10-07,17:06:28,-07:00,2025-10-07T17:06:28-07:00,1,6
style.css,29,css,1df68710,Casey J So,2025-10-07,17:06:28,-07:00,2025-10-07T17:06:28-07:00,1,17
style.css,30,css,1df68710,Casey J So,2025-10-07,17:06:28,-07:00,2025-10-07T17:06:28-07:00,1,11
style.css,31,css,1df68710,Casey J So,2025-10-07,17:06:28,-07:00,2025-10-07T17:06:28-07:00,1,20
style.css,32,css,cea592f9,Casey J So,2025-10-14,23:10:40,-07:00,2025-10-14T23:10:40-07:00,1,39
style.css,33,css,04658967,Casey J So,2025-10-14,23:12:41,-07:00,2025-10-14T23:12:41-07:00,1,17
style.css,34,css,6234bbe4,Casey J So,2025-10-14,23:15:00,-07:00,2025-10-14T23:15:00-07:00,1,16
style.css,35,css,1df68710,Casey J So,2025-10-07,17:06:28,-07:00,2025-10-07T17:06:28-07:00,0,0
style.css,36,css,1df68710,Casey J So,2025-10-07,17:06:28,-07:00,2025-10-07T17:06:28-07:00,0,0
style.css,37,css,1df68710,Casey J So,2025-10-07,17:06:28,-07:00,2025-10-07T17:06:28-07:00,0,13
style.css,38,css,04658967,Casey J So,2025-10-14,23:12:41,-07:00,2025-10-14T23:12:41-07:00,1,69
style.css,39,css,9e38dfaa,Casey J So,2025-10-14,23:32:13,-07:00,2025-10-14T23:32:13-07:00,1,16
style.css,40,css,1df68710,Casey J So,2025-10-07,17:06:28,-07:00,2025-10-07T17:06:28-07:00,1,16
style.css,41,css,11f4be5f,Casey J So,2025-10-07,20:57:44,-07:00,2025-10-07T20:57:44-07:00,1,43
style.css,42,css,1df68710,Casey J So,2025-10-07,17:06:28,-07:00,2025-10-07T17:06:28-07:00,0,0
style.css,43,css,6ac6b661,Casey J So,2025-10-25,19:25:00,-07:00,2025-10-25T19:25:00-07:00,0,0
style.css,44,css,36014487,Casey J So,2025-10-07,20:53:08,-07:00,2025-10-07T20:53:08-07:00,0,11
style.css,45,css,bfe62490,Casey J So,2025-10-14,23:31:13,-07:00,2025-10-14T23:31:13-07:00,1,69
style.css,46,css,27e1d210,Casey J So,2025-10-14,23:06:41,-07:00,2025-10-14T23:06:41-07:00,1,16
style.css,47,css,6ac6b661,Casey J So,2025-10-25,19:25:00,-07:00,2025-10-25T19:25:00-07:00,1,43
style.css,48,css,36014487,Casey J So,2025-10-07,20:53:08,-07:00,2025-10-07T20:53:08-07:00,0,0
style.css,49,css,6ac6b661,Casey J So,2025-10-25,19:25:00,-07:00,2025-10-25T19:25:00-07:00,0,0
style.css,50,css,edccf358,Casey J So,2025-10-07,21:33:20,-07:00,2025-10-07T21:33:20-07:00,0,4
style.css,51,css,edccf358,Casey J So,2025-10-07,21:33:20,-07:00,2025-10-07T21:33:20-07:00,0,7
style.css,52,css,edccf358,Casey J So,2025-10-07,21:33:20,-07:00,2025-10-07T21:33:20-07:00,0,6
style.css,53,css,edccf358,Casey J So,2025-10-07,21:33:20,-07:00,2025-10-07T21:33:20-07:00,1,12
style.css,54,css,edccf358,Casey J So,2025-10-07,21:33:20,-07:00,2025-10-07T21:33:20-07:00,0,0
style.css,55,css,6ac6b661,Casey J So,2025-10-25,19:25:00,-07:00,2025-10-25T19:25:00-07:00,0,0
style.css,56,css,edccf358,Casey J So,2025-10-07,21:33:20,-07:00,2025-10-07T21:33:20-07:00,0,4
style.css,57,css,edccf358,Casey J So,2025-10-07,21:33:20,-07:00,2025-10-07T21:33:20-07:00,1,12
style.css,58,css,edccf358,Casey J So,2025-10-07,21:33:20,-07:00,2025-10-07T21:33:20-07:00,1,30
style.css,59,css,edccf358,Casey J So,2025-10-07,21:33:20,-07:00,2025-10-07T21:33:20-07:00,1,7
style.css,60,css,edccf358,Casey J So,2025-10-07,21:33:20,-07:00,2025-10-07T21:33:20-07:00,0,0
style.css,61,css,edccf358,Casey J So,2025-10-07,21:33:20,-07:00,2025-10-07T21:33:20-07:00,0,0
style.css,62,css,edccf358,Casey J So,2025-10-07,21:33:20,-07:00,2025-10-07T21:33:20-07:00,0,10
style.css,63,css,edccf358,Casey J So,2025-10-07,21:33:20,-07:00,2025-10-07T21:33:20-07:00,1,12
style.css,64,css,edccf358,Casey J So,2025-10-07,21:33:20,-07:00,2025-10-07T21:33:20-07:00,1,29
style.css,65,css,edccf358,Casey J So,2025-10-07,21:33:20,-07:00,2025-10-07T21:33:20-07:00,1,18
style.css,66,css,dbc77954,Casey J So,2025-10-07,21:44:09,-07:00,2025-10-07T21:44:09-07:00,0,0
style.css,67,css,6ac6b661,Casey J So,2025-10-25,19:25:00,-07:00,2025-10-25T19:25:00-07:00,0,0
style.css,68,css,dbc77954,Casey J So,2025-10-07,21:44:09,-07:00,2025-10-07T21:44:09-07:00,0,9
style.css,69,css,6ac6b661,Casey J So,2025-10-25,19:25:00,-07:00,2025-10-25T19:25:00-07:00,1,12
style.css,70,css,6ac6b661,Casey J So,2025-10-25,19:25:00,-07:00,2025-10-25T19:25:00-07:00,1,58
style.css,71,css,6ac6b661,Casey J So,2025-10-25,19:25:00,-07:00,2025-10-25T19:25:00-07:00,1,7
style.css,72,css,dbc77954,Casey J So,2025-10-07,21:44:09,-07:00,2025-10-07T21:44:09-07:00,0,0
style.css,73,css,dbc77954,Casey J So,2025-10-07,21:44:09,-07:00,2025-10-07T21:44:09-07:00,0,0
style.css,74,css,46a2c0c2,Casey J So,2025-10-09,17:35:15,-07:00,2025-10-09T17:35:15-07:00,0,17
style.css,75,css,6ac6b661,Casey J So,2025-10-25,19:25:00,-07:00,2025-10-25T19:25:00-07:00,1,26
style.css,76,css,6ac6b661,Casey J So,2025-10-25,19:25:00,-07:00,2025-10-25T19:25:00-07:00,1,15
style.css,77,css,6ac6b661,Casey J So,2025-10-25,19:25:00,-07:00,2025-10-25T19:25:00-07:00,1,7
style.css,78,css,46a2c0c2,Casey J So,2025-10-09,17:35:15,-07:00,2025-10-09T17:35:15-07:00,0,0
style.css,79,css,6ac6b661,Casey J So,2025-10-25,19:25:00,-07:00,2025-10-25T19:25:00-07:00,0,0
style.css,80,css,43e11a4e,Casey J So,2025-10-09,21:50:03,-07:00,2025-10-09T21:50:03-07:00,0,22
style.css,81,css,43e11a4e,Casey J So,2025-10-09,21:50:03,-07:00,2025-10-09T21:50:03-07:00,1,15
style.css,82,css,43e11a4e,Casey J So,2025-10-09,21:50:03,-07:00,2025-10-09T21:50:03-07:00,1,17
style.css,83,css,1f2b01b8,Casey J So,2025-10-09,21:43:35,-07:00,2025-10-09T21:43:35-07:00,0,0
style.css,84,css,6ac6b661,Casey J So,2025-10-25,19:25:00,-07:00,2025-10-25T19:25:00-07:00,0,0
style.css,85,css,6ac6b661,Casey J So,2025-10-25,19:25:00,-07:00,2025-10-25T19:25:00-07:00,0,2
style.css,86,css,71f69f6e,Casey J So,2025-10-09,21:52:41,-07:00,2025-10-09T21:52:41-07:00,1,13
style.css,87,css,6ac6b661,Casey J So,2025-10-25,19:25:00,-07:00,2025-10-25T19:25:00-07:00,1,43
style.css,88,css,43e11a4e,Casey J So,2025-10-09,21:50:03,-07:00,2025-10-09T21:50:03-07:00,1,21
style.css,89,css,401eef3b,Casey J So,2025-10-09,21:56:29,-07:00,2025-10-09T21:56:29-07:00,0,0
style.css,90,css,6ac6b661,Casey J So,2025-10-25,19:25:00,-07:00,2025-10-25T19:25:00-07:00,0,0
style.css,91,css,401eef3b,Casey J So,2025-10-09,21:56:29,-07:00,2025-10-09T21:56:29-07:00,0,7
style.css,92,css,401eef3b,Casey J So,2025-10-09,21:56:29,-07:00,2025-10-09T21:56:29-07:00,1,17
style.css,93,css,2a58b465,Casey J So,2025-10-14,22:44:14,-07:00,2025-10-14T22:44:14-07:00,0,0
style.css,94,css,6ac6b661,Casey J So,2025-10-25,19:25:00,-07:00,2025-10-25T19:25:00-07:00,0,0
style.css,95,css,2a58b465,Casey J So,2025-10-14,22:44:14,-07:00,2025-10-14T22:44:14-07:00,0,4
style.css,96,css,5850259b,Casey J So,2025-10-14,23:02:25,-07:00,2025-10-14T23:02:25-07:00,1,23
style.css,97,css,2a58b465,Casey J So,2025-10-14,22:44:14,-07:00,2025-10-14T22:44:14-07:00,1,23
style.css,98,css,2a58b465,Casey J So,2025-10-14,22:44:14,-07:00,2025-10-14T22:44:14-07:00,1,16
style.css,99,css,2a58b465,Casey J So,2025-10-14,22:44:14,-07:00,2025-10-14T22:44:14-07:00,0,0
style.css,100,css,6ac6b661,Casey J So,2025-10-25,19:25:00,-07:00,2025-10-25T19:25:00-07:00,0,0
style.css,101,css,0c881093,Casey J So,2025-10-14,22:47:10,-07:00,2025-10-14T22:47:10-07:00,0,13
style.css,102,css,0c881093,Casey J So,2025-10-14,22:47:10,-07:00,2025-10-14T22:47:10-07:00,1,17
style.css,103,css,0c881093,Casey J So,2025-10-14,22:47:10,-07:00,2025-10-14T22:47:10-07:00,1,8
style.css,104,css,0c881093,Casey J So,2025-10-14,22:47:10,-07:00,2025-10-14T22:47:10-07:00,1,10
style.css,105,css,0c881093,Casey J So,2025-10-14,22:47:10,-07:00,2025-10-14T22:47:10-07:00,1,13
style.css,106,css,0c881093,Casey J So,2025-10-14,22:47:10,-07:00,2025-10-14T22:47:10-07:00,1,19
style.css,107,css,a1197953,Casey J So,2025-10-14,22:51:37,-07:00,2025-10-14T22:51:37-07:00,1,12
style.css,108,css,0c881093,Casey J So,2025-10-14,22:47:10,-07:00,2025-10-14T22:47:10-07:00,0,0
style.css,109,css,0c881093,Casey J So,2025-10-14,22:47:10,-07:00,2025-10-14T22:47:10-07:00,0,0
style.css,110,css,0c881093,Casey J So,2025-10-14,22:47:10,-07:00,2025-10-14T22:47:10-07:00,0,20
style.css,111,css,0c881093,Casey J So,2025-10-14,22:47:10,-07:00,2025-10-14T22:47:10-07:00,1,19
style.css,112,css,78f806b4,Casey J So,2025-10-22,16:20:36,-07:00,2025-10-22T16:20:36-07:00,0,0
style.css,113,css,6ac6b661,Casey J So,2025-10-25,19:25:00,-07:00,2025-10-25T19:25:00-07:00,0,0
style.css,114,css,78f806b4,Casey J So,2025-10-22,16:20:36,-07:00,2025-10-22T16:20:36-07:00,0,17
style.css,115,css,78f806b4,Casey J So,2025-10-22,16:20:36,-07:00,2025-10-22T16:20:36-07:00,1,12
style.css,116,css,78f806b4,Casey J So,2025-10-22,16:20:36,-07:00,2025-10-22T16:20:36-07:00,1,36
style.css,117,css,78f806b4,Casey J So,2025-10-22,16:20:36,-07:00,2025-10-22T16:20:36-07:00,1,17
style.css,118,css,78f806b4,Casey J So,2025-10-22,16:20:36,-07:00,2025-10-22T16:20:36-07:00,1,9
style.css,119,css,78f806b4,Casey J So,2025-10-22,16:20:36,-07:00,2025-10-22T16:20:36-07:00,0,0
style.css,120,css,78f806b4,Casey J So,2025-10-22,16:20:36,-07:00,2025-10-22T16:20:36-07:00,0,0
style.css,121,css,78f806b4,Casey J So,2025-10-22,16:20:36,-07:00,2025-10-22T16:20:36-07:00,0,17
style.css,122,css,78f806b4,Casey J So,2025-10-22,16:20:36,-07:00,2025-10-22T16:20:36-07:00,1,16
style.css,123,css,78f806b4,Casey J So,2025-10-22,16:20:36,-07:00,2025-10-22T16:20:36-07:00,1,10
style.css,124,css,78f806b4,Casey J So,2025-10-22,16:20:36,-07:00,2025-10-22T16:20:36-07:00,0,0
style.css,125,css,78f806b4,Casey J So,2025-10-22,16:20:36,-07:00,2025-10-22T16:20:36-07:00,0,0
style.css,126,css,78f806b4,Casey J So,2025-10-22,16:20:36,-07:00,2025-10-22T16:20:36-07:00,0,17
style.css,127,css,78f806b4,Casey J So,2025-10-22,16:20:36,-07:00,2025-10-22T16:20:36-07:00,1,8
style.css,128,css,78f806b4,Casey J So,2025-10-22,16:20:36,-07:00,2025-10-22T16:20:36-07:00,1,10
style.css,129,css,78f806b4,Casey J So,2025-10-22,16:20:36,-07:00,2025-10-22T16:20:36-07:00,0,0
style.css,130,css,6ac6b661,Casey J So,2025-10-25,19:25:00,-07:00,2025-10-25T19:25:00-07:00,0,0
style.css,131,css,6660a27c,Casey J So,2025-10-22,17:18:17,-07:00,2025-10-22T17:18:17-07:00,0,13
style.css,132,css,86c01f4a,Casey J So,2025-10-22,21:31:37,-07:00,2025-10-22T21:31:37-07:00,1,14
style.css,133,css,6660a27c,Casey J So,2025-10-22,17:18:17,-07:00,2025-10-22T17:18:17-07:00,1,11
style.css,134,css,86c01f4a,Casey J So,2025-10-22,21:31:37,-07:00,2025-10-22T21:31:37-07:00,1,18
style.css,135,css,86c01f4a,Casey J So,2025-10-22,21:31:37,-07:00,2025-10-22T21:31:37-07:00,1,18
style.css,136,css,9a3a90a9,Casey J So,2025-10-25,19:07:14,-07:00,2025-10-25T19:07:14-07:00,0,0
style.css,137,css,6ac6b661,Casey J So,2025-10-25,19:25:00,-07:00,2025-10-25T19:25:00-07:00,0,0
style.css,138,css,6ac6b661,Casey J So,2025-10-25,19:25:00,-07:00,2025-10-25T19:25:00-07:00,0,37
style.css,139,css,9a3a90a9,Casey J So,2025-10-25,19:07:14,-07:00,2025-10-25T19:07:14-07:00,0,15
style.css,140,css,9a3a90a9,Casey J So,2025-10-25,19:07:14,-07:00,2025-10-25T19:07:14-07:00,1,12
style.css,141,css,9a3a90a9,Casey J So,2025-10-25,19:07:14,-07:00,2025-10-25T19:07:14-07:00,1,22
style.css,142,css,9a3a90a9,Casey J So,2025-10-25,19:07:14,-07:00,2025-10-25T19:07:14-07:00,1,8
style.css,143,css,9a3a90a9,Casey J So,2025-10-25,19:07:14,-07:00,2025-10-25T19:07:14-07:00,1,22
style.css,144,css,9a3a90a9,Casey J So,2025-10-25,19:07:14,-07:00,2025-10-25T19:07:14-07:00,1,14
style.css,145,css,9a3a90a9,Casey J So,2025-10-25,19:07:14,-07:00,2025-10-25T19:07:14-07:00,0,0
style.css,146,css,9a3a90a9,Casey J So,2025-10-25,19:07:14,-07:00,2025-10-25T19:07:14-07:00,0,0
style.css,147,css,9a3a90a9,Casey J So,2025-10-25,19:07:14,-07:00,2025-10-25T19:07:14-07:00,0,14
style.css,148,css,9a3a90a9,Casey J So,2025-10-25,19:07:14,-07:00,2025-10-25T19:07:14-07:00,1,11
style.css,149,css,9a3a90a9,Casey J So,2025-10-25,19:07:14,-07:00,2025-10-25T19:07:14-07:00,1,12
style.css,150,css,9a3a90a9,Casey J So,2025-10-25,19:07:14,-07:00,2025-10-25T19:07:14-07:00,0,0
style.css,151,css,9a3a90a9,Casey J So,2025-10-25,19:07:14,-07:00,2025-10-25T19:07:14-07:00,0,0
style.css,152,css,6ac6b661,Casey J So,2025-10-25,19:25:00,-07:00,2025-10-25T19:25:00-07:00,0,18
style.css,153,css,9a3a90a9,Casey J So,2025-10-25,19:07:14,-07:00,2025-10-25T19:07:14-07:00,0,7
style.css,154,css,9a3a90a9,Casey J So,2025-10-25,19:07:14,-07:00,2025-10-25T19:07:14-07:00,1,12
style.css,155,css,9a3a90a9,Casey J So,2025-10-25,19:07:14,-07:00,2025-10-25T19:07:14-07:00,1,21
style.css,156,css,8b13eae7,Casey J So,2025-10-27,17:20:29,-07:00,2025-10-27T17:20:29-07:00,1,10
style.css,157,css,8b13eae7,Casey J So,2025-10-27,17:20:29,-07:00,2025-10-27T17:20:29-07:00,1,17
style.css,158,css,8b13eae7,Casey J So,2025-10-27,17:20:29,-07:00,2025-10-27T17:20:29-07:00,1,15
style.css,159,css,8b13eae7,Casey J So,2025-10-27,17:20:29,-07:00,2025-10-27T17:20:29-07:00,1,20
style.css,160,css,8b13eae7,Casey J So,2025-10-27,17:20:29,-07:00,2025-10-27T17:20:29-07:00,1,63
style.css,161,css,8b13eae7,Casey J So,2025-10-27,17:20:29,-07:00,2025-10-27T17:20:29-07:00,1,38
style.css,162,css,8b13eae7,Casey J So,2025-10-27,17:20:29,-07:00,2025-10-27T17:20:29-07:00,1,18
style.css,163,css,8b13eae7,Casey J So,2025-10-27,17:20:29,-07:00,2025-10-27T17:20:29-07:00,1,40
style.css,164,css,8b13eae7,Casey J So,2025-10-27,17:20:29,-07:00,2025-10-27T17:20:29-07:00,1,15
style.css,165,css,9a3a90a9,Casey J So,2025-10-25,19:07:14,-07:00,2025-10-25T19:07:14-07:00,0,0
style.css,166,css,9a3a90a9,Casey J So,2025-10-25,19:07:14,-07:00,2025-10-25T19:07:14-07:00,0,0
style.css,167,css,9a3a90a9,Casey J So,2025-10-25,19:07:14,-07:00,2025-10-25T19:07:14-07:00,0,10
style.css,168,css,9a3a90a9,Casey J So,2025-10-25,19:07:14,-07:00,2025-10-25T19:07:14-07:00,1,12
style.css,169,css,9a3a90a9,Casey J So,2025-10-25,19:07:14,-07:00,2025-10-25T19:07:14-07:00,1,18
style.css,170,css,8b13eae7,Casey J So,2025-10-27,17:20:29,-07:00,2025-10-27T17:20:29-07:00,1,8
style.css,171,css,8b13eae7,Casey J So,2025-10-27,17:20:29,-07:00,2025-10-27T17:20:29-07:00,1,15
style.css,172,css,8b13eae7,Casey J So,2025-10-27,17:20:29,-07:00,2025-10-27T17:20:29-07:00,1,14
style.css,173,css,8b13eae7,Casey J So,2025-10-27,17:20:29,-07:00,2025-10-27T17:20:29-07:00,1,22
style.css,174,css,8b13eae7,Casey J So,2025-10-27,17:20:29,-07:00,2025-10-27T17:20:29-07:00,1,17
style.css,175,css,8b13eae7,Casey J So,2025-10-27,17:20:29,-07:00,2025-10-27T17:20:29-07:00,1,82
style.css,176,css,9a3a90a9,Casey J So,2025-10-25,19:07:14,-07:00,2025-10-25T19:07:14-07:00,0,0
style.css,177,css,9a3a90a9,Casey J So,2025-10-25,19:07:14,-07:00,2025-10-25T19:07:14-07:00,0,0
style.css,178,css,9a3a90a9,Casey J So,2025-10-25,19:07:14,-07:00,2025-10-25T19:07:14-07:00,0,16
style.css,179,css,8b13eae7,Casey J So,2025-10-27,17:20:29,-07:00,2025-10-27T17:20:29-07:00,1,69
style.css,180,css,8b13eae7,Casey J So,2025-10-27,17:20:29,-07:00,2025-10-27T17:20:29-07:00,1,25
style.css,181,css,9a3a90a9,Casey J So,2025-10-25,19:07:14,-07:00,2025-10-25T19:07:14-07:00,0,0
style.css,182,css,9a3a90a9,Casey J So,2025-10-25,19:07:14,-07:00,2025-10-25T19:07:14-07:00,0,0
style.css,183,css,9a3a90a9,Casey J So,2025-10-25,19:07:14,-07:00,2025-10-25T19:07:14-07:00,0,15
style.css,184,css,8b13eae7,Casey J So,2025-10-27,17:20:29,-07:00,2025-10-27T17:20:29-07:00,1,10
style.css,185,css,8b13eae7,Casey J So,2025-10-27,17:20:29,-07:00,2025-10-27T17:20:29-07:00,1,11
style.css,186,css,8b13eae7,Casey J So,2025-10-27,17:20:29,-07:00,2025-10-27T17:20:29-07:00,1,17
style.css,187,css,9a3a90a9,Casey J So,2025-10-25,19:07:14,-07:00,2025-10-25T19:07:14-07:00,1,23
style.css,188,css,8b13eae7,Casey J So,2025-10-27,17:20:29,-07:00,2025-10-27T17:20:29-07:00,1,61
style.css,189,css,8b13eae7,Casey J So,2025-10-27,17:20:29,-07:00,2025-10-27T17:20:29-07:00,1,63
style.css,190,css,9a3a90a9,Casey J So,2025-10-25,19:07:14,-07:00,2025-10-25T19:07:14-07:00,0,0
style.css,191,css,9a3a90a9,Casey J So,2025-10-25,19:07:14,-07:00,2025-10-25T19:07:14-07:00,0,0
style.css,192,css,8b13eae7,Casey J So,2025-10-27,17:20:29,-07:00,2025-10-27T17:20:29-07:00,0,36
style.css,193,css,8b13eae7,Casey J So,2025-10-27,17:20:29,-07:00,2025-10-27T17:20:29-07:00,1,11
style.css,194,css,9a3a90a9,Casey J So,2025-10-25,19:07:14,-07:00,2025-10-25T19:07:14-07:00,0,0
style.css,195,css,9a3a90a9,Casey J So,2025-10-25,19:07:14,-07:00,2025-10-25T19:07:14-07:00,0,0
style.css,196,css,8b13eae7,Casey J So,2025-10-27,17:20:29,-07:00,2025-10-27T17:20:29-07:00,0,4
style.css,197,css,8b13eae7,Casey J So,2025-10-27,17:20:29,-07:00,2025-10-27T17:20:29-07:00,1,16
style.css,198,css,8b13eae7,Casey J So,2025-10-27,17:20:29,-07:00,2025-10-27T17:20:29-07:00,1,14
style.css,199,css,8b13eae7,Casey J So,2025-10-27,17:20:29,-07:00,2025-10-27T17:20:29-07:00,0,0
style.css,200,css,8b13eae7,Casey J So,2025-10-27,17:20:29,-07:00,2025-10-27T17:20:29-07:00,0,0
style.css,201,css,8b13eae7,Casey J So,2025-10-27,17:20:29,-07:00,2025-10-27T17:20:29-07:00,0,9
style.css,202,css,8b13eae7,Casey J So,2025-10-27,17:20:29,-07:00,2025-10-27T17:20:29-07:00,1,35
style.css,203,css,8b13eae7,Casey J So,2025-10-27,17:20:29,-07:00,2025-10-27T17:20:29-07:00,0,0
style.css,204,css,8b13eae7,Casey J So,2025-10-27,17:20:29,-07:00,2025-10-27T17:20:29-07:00,0,0
style.css,205,css,8b13eae7,Casey J So,2025-10-27,17:20:29,-07:00,2025-10-27T17:20:29-07:00,0,18
style.css,206,css,8b13eae7,Casey J So,2025-10-27,17:20:29,-07:00,2025-10-27T17:20:29-07:00,1,17
style.css,207,css,8b13eae7,Casey J So,2025-10-27,17:20:29,-07:00,2025-10-27T17:20:29-07:00,1,11
style.css,208,css,8b13eae7,Casey J So,2025-10-27,17:20:29,-07:00,2025-10-27T17:20:29-07:00,1,16
style.css,209,css,8b13eae7,Casey J So,2025-10-27,17:20:29,-07:00,2025-10-27T17:20:29-07:00,0,0
style.css,210,css,8b13eae7,Casey J So,2025-10-27,17:20:29,-07:00,2025-10-27T17:20:29-07:00,0,0
style.css,211,css,8b13eae7,Casey J So,2025-10-27,17:20:29,-07:00,2025-10-27T17:20:29-07:00,0,17
style.css,212,css,8b13eae7,Casey J So,2025-10-27,17:20:29,-07:00,2025-10-27T17:20:29-07:00,1,16
style.css,213,css,8b13eae7,Casey J So,2025-10-27,17:20:29,-07:00,2025-10-27T17:20:29-07:00,1,22
style.css,214,css,8b13eae7,Casey J So,2025-10-27,17:20:29,-07:00,2025-10-27T17:20:29-07:00,0,0
style.css,215,css,8b13eae7,Casey J So,2025-10-27,17:20:29,-07:00,2025-10-27T17:20:29-07:00,0,0
style.css,216,css,8b13eae7,Casey J So,2025-10-27,17:20:29,-07:00,2025-10-27T17:20:29-07:00,0,0
style.css,217,css,6ac6b661,Casey J So,2025-10-25,19:25:00,-07:00,2025-10-25T19:25:00-07:00,0,36
style.css,218,css,6ac6b661,Casey J So,2025-10-25,19:25:00,-07:00,2025-10-25T19:25:00-07:00,1,11
style.css,219,css,6ac6b661,Casey J So,2025-10-25,19:25:00,-07:00,2025-10-25T19:25:00-07:00,0,0
style.css,220,css,6ac6b661,Casey J So,2025-10-25,19:25:00,-07:00,2025-10-25T19:25:00-07:00,0,0
style.css,221,css,6ac6b661,Casey J So,2025-10-25,19:25:00,-07:00,2025-10-25T19:25:00-07:00,0,4
style.css,222,css,6ac6b661,Casey J So,2025-10-25,19:25:00,-07:00,2025-10-25T19:25:00-07:00,1,16
style.css,223,css,6ac6b661,Casey J So,2025-10-25,19:25:00,-07:00,2025-10-25T19:25:00-07:00,1,14
style.css,224,css,6ac6b661,Casey J So,2025-10-25,19:25:00,-07:00,2025-10-25T19:25:00-07:00,0,0
style.css,225,css,6ac6b661,Casey J So,2025-10-25,19:25:00,-07:00,2025-10-25T19:25:00-07:00,0,0
style.css,226,css,6ac6b661,Casey J So,2025-10-25,19:25:00,-07:00,2025-10-25T19:25:00-07:00,0,9
style.css,227,css,6ac6b661,Casey J So,2025-10-25,19:25:00,-07:00,2025-10-25T19:25:00-07:00,1,35
style.css,228,css,6ac6b661,Casey J So,2025-10-25,19:25:00,-07:00,2025-10-25T19:25:00-07:00,0,0
style.css,229,css,6ac6b661,Casey J So,2025-10-25,19:25:00,-07:00,2025-10-25T19:25:00-07:00,0,0
style.css,230,css,6ac6b661,Casey J So,2025-10-25,19:25:00,-07:00,2025-10-25T19:25:00-07:00,0,18
style.css,231,css,6ac6b661,Casey J So,2025-10-25,19:25:00,-07:00,2025-10-25T19:25:00-07:00,1,17
style.css,232,css,9a3a90a9,Casey J So,2025-10-25,19:07:14,-07:00,2025-10-25T19:07:14-07:00,1,11
style.css,233,css,9a3a90a9,Casey J So,2025-10-25,19:07:14,-07:00,2025-10-25T19:07:14-07:00,1,16
style.css,234,css,9a3a90a9,Casey J So,2025-10-25,19:07:14,-07:00,2025-10-25T19:07:14-07:00,0,0
style.css,235,css,6ac6b661,Casey J So,2025-10-25,19:25:00,-07:00,2025-10-25T19:25:00-07:00,0,0
style.css,236,css,6ac6b661,Casey J So,2025-10-25,19:25:00,-07:00,2025-10-25T19:25:00-07:00,0,17
style.css,237,css,6ac6b661,Casey J So,2025-10-25,19:25:00,-07:00,2025-10-25T19:25:00-07:00,1,16
style.css,238,css,6ac6b661,Casey J So,2025-10-25,19:25:00,-07:00,2025-10-25T19:25:00-07:00,1,22
style.css,239,css,6ac6b661,Casey J So,2025-10-25,19:25:00,-07:00,2025-10-25T19:25:00-07:00,0,0
resume.html,1,html,6b2881b6,Casey J So,2025-09-29,23:04:52,-07:00,2025-09-29T23:04:52-07:00,0,13
resume.html,2,html,6b2881b6,Casey J So,2025-09-29,23:04:52,-07:00,2025-09-29T23:04:52-07:00,0,14
resume.html,3,html,6b2881b6,Casey J So,2025-09-29,23:04:52,-07:00,2025-09-29T23:04:52-07:00,0,4
resume.html,4,html,796e8217,Casey J So,2025-09-29,23:18:12,-07:00,2025-09-29T23:18:12-07:00,1,22
resume.html,5,html,796e8217,Casey J So,2025-09-29,23:18:12,-07:00,2025-09-29T23:18:12-07:00,1,70
resume.html,6,html,796e8217,Casey J So,2025-09-29,23:18:12,-07:00,2025-09-29T23:18:12-07:00,1,19
resume.html,7,html,2e37eb38,Casey J So,2025-10-07,16:46:45,-07:00,2025-10-07T16:46:45-07:00,1,38
resume.html,8,html,a62af031,Casey J So,2025-10-14,21:26:55,-07:00,2025-10-14T21:26:55-07:00,1,45
resume.html,9,html,a62af031,Casey J So,2025-10-14,21:26:55,-07:00,2025-10-14T21:26:55-07:00,0,0
resume.html,10,html,91b8b78f,Casey J So,2025-09-29,23:16:06,-07:00,2025-09-29T23:16:06-07:00,0,5
resume.html,11,html,6b2881b6,Casey J So,2025-09-29,23:04:52,-07:00,2025-09-29T23:04:52-07:00,0,0
resume.html,12,html,6b2881b6,Casey J So,2025-09-29,23:04:52,-07:00,2025-09-29T23:04:52-07:00,0,4
resume.html,13,html,6b2881b6,Casey J So,2025-09-29,23:04:52,-07:00,2025-09-29T23:04:52-07:00,0,0
resume.html,14,html,d1e389e5,Casey J So,2025-10-14,21:55:11,-07:00,2025-10-14T21:55:11-07:00,1,8
resume.html,15,html,0f53490a,Casey J So,2025-09-29,23:22:03,-07:00,2025-09-29T23:22:03-07:00,2,27
resume.html,16,html,0f53490a,Casey J So,2025-09-29,23:22:03,-07:00,2025-09-29T23:22:03-07:00,2,40
resume.html,17,html,0f53490a,Casey J So,2025-09-29,23:22:03,-07:00,2025-09-29T23:22:03-07:00,2,38
resume.html,18,html,0f53490a,Casey J So,2025-09-29,23:22:03,-07:00,2025-09-29T23:22:03-07:00,2,61
resume.html,19,html,f4dac349,Casey J So,2025-10-07,17:13:36,-07:00,2025-10-07T17:13:36-07:00,2,47
resume.html,20,html,d1e389e5,Casey J So,2025-10-14,21:55:11,-07:00,2025-10-14T21:55:11-07:00,1,8
resume.html,21,html,6b2881b6,Casey J So,2025-09-29,23:04:52,-07:00,2025-09-29T23:04:52-07:00,0,0
resume.html,22,html,796e8217,Casey J So,2025-09-29,23:18:12,-07:00,2025-09-29T23:18:12-07:00,1,13
resume.html,23,html,6b2881b6,Casey J So,2025-09-29,23:04:52,-07:00,2025-09-29T23:04:52-07:00,0,0
resume.html,24,html,796e8217,Casey J So,2025-09-29,23:18:12,-07:00,2025-09-29T23:18:12-07:00,1,7
resume.html,25,html,796e8217,Casey J So,2025-09-29,23:18:12,-07:00,2025-09-29T23:18:12-07:00,2,31
resume.html,26,html,796e8217,Casey J So,2025-09-29,23:18:12,-07:00,2025-09-29T23:18:12-07:00,2,1
resume.html,27,html,796e8217,Casey J So,2025-09-29,23:18:12,-07:00,2025-09-29T23:18:12-07:00,3,81
resume.html,28,html,796e8217,Casey J So,2025-09-29,23:18:12,-07:00,2025-09-29T23:18:12-07:00,3,80
resume.html,29,html,796e8217,Casey J So,2025-09-29,23:18:12,-07:00,2025-09-29T23:18:12-07:00,3,86
resume.html,30,html,796e8217,Casey J So,2025-09-29,23:18:12,-07:00,2025-09-29T23:18:12-07:00,3,50
resume.html,31,html,796e8217,Casey J So,2025-09-29,23:18:12,-07:00,2025-09-29T23:18:12-07:00,2,2
resume.html,32,html,796e8217,Casey J So,2025-09-29,23:18:12,-07:00,2025-09-29T23:18:12-07:00,1,8
resume.html,33,html,796e8217,Casey J So,2025-09-29,23:18:12,-07:00,2025-09-29T23:18:12-07:00,0,0
resume.html,34,html,796e8217,Casey J So,2025-09-29,23:18:12,-07:00,2025-09-29T23:18:12-07:00,1,7
resume.html,35,html,796e8217,Casey J So,2025-09-29,23:18:12,-07:00,2025-09-29T23:18:12-07:00,2,33
resume.html,36,html,796e8217,Casey J So,2025-09-29,23:18:12,-07:00,2025-09-29T23:18:12-07:00,0,0
resume.html,37,html,796e8217,Casey J So,2025-09-29,23:18:12,-07:00,2025-09-29T23:18:12-07:00,2,7
resume.html,38,html,796e8217,Casey J So,2025-09-29,23:18:12,-07:00,2025-09-29T23:18:12-07:00,3,62
resume.html,39,html,796e8217,Casey J So,2025-09-29,23:18:12,-07:00,2025-09-29T23:18:12-07:00,3,129
resume.html,40,html,796e8217,Casey J So,2025-09-29,23:18:12,-07:00,2025-09-29T23:18:12-07:00,3,1
resume.html,41,html,796e8217,Casey J So,2025-09-29,23:18:12,-07:00,2025-09-29T23:18:12-07:00,4,110
resume.html,42,html,796e8217,Casey J So,2025-09-29,23:18:12,-07:00,2025-09-29T23:18:12-07:00,4,84
resume.html,43,html,796e8217,Casey J So,2025-09-29,23:18:12,-07:00,2025-09-29T23:18:12-07:00,4,54
resume.html,44,html,796e8217,Casey J So,2025-09-29,23:18:12,-07:00,2025-09-29T23:18:12-07:00,3,2
resume.html,45,html,796e8217,Casey J So,2025-09-29,23:18:12,-07:00,2025-09-29T23:18:12-07:00,2,8
resume.html,46,html,6b2881b6,Casey J So,2025-09-29,23:04:52,-07:00,2025-09-29T23:04:52-07:00,0,0
resume.html,47,html,796e8217,Casey J So,2025-09-29,23:18:12,-07:00,2025-09-29T23:18:12-07:00,2,7
resume.html,48,html,796e8217,Casey J So,2025-09-29,23:18:12,-07:00,2025-09-29T23:18:12-07:00,3,37
resume.html,49,html,796e8217,Casey J So,2025-09-29,23:18:12,-07:00,2025-09-29T23:18:12-07:00,3,110
resume.html,50,html,796e8217,Casey J So,2025-09-29,23:18:12,-07:00,2025-09-29T23:18:12-07:00,3,1
resume.html,51,html,0f53490a,Casey J So,2025-09-29,23:22:03,-07:00,2025-09-29T23:22:03-07:00,4,26
resume.html,52,html,796e8217,Casey J So,2025-09-29,23:18:12,-07:00,2025-09-29T23:18:12-07:00,4,29
resume.html,53,html,796e8217,Casey J So,2025-09-29,23:18:12,-07:00,2025-09-29T23:18:12-07:00,4,32
resume.html,54,html,796e8217,Casey J So,2025-09-29,23:18:12,-07:00,2025-09-29T23:18:12-07:00,3,2
resume.html,55,html,796e8217,Casey J So,2025-09-29,23:18:12,-07:00,2025-09-29T23:18:12-07:00,3,1
resume.html,56,html,796e8217,Casey J So,2025-09-29,23:18:12,-07:00,2025-09-29T23:18:12-07:00,4,97
resume.html,57,html,06f8f9f2,Casey J So,2025-10-02,19:21:25,-07:00,2025-10-02T19:21:25-07:00,4,43
resume.html,58,html,796e8217,Casey J So,2025-09-29,23:18:12,-07:00,2025-09-29T23:18:12-07:00,3,2
resume.html,59,html,796e8217,Casey J So,2025-09-29,23:18:12,-07:00,2025-09-29T23:18:12-07:00,2,8
resume.html,60,html,796e8217,Casey J So,2025-09-29,23:18:12,-07:00,2025-09-29T23:18:12-07:00,1,8
resume.html,61,html,6b2881b6,Casey J So,2025-09-29,23:04:52,-07:00,2025-09-29T23:04:52-07:00,0,0
resume.html,62,html,796e8217,Casey J So,2025-09-29,23:18:12,-07:00,2025-09-29T23:18:12-07:00,1,7
resume.html,63,html,796e8217,Casey J So,2025-09-29,23:18:12,-07:00,2025-09-29T23:18:12-07:00,2,47
resume.html,64,html,6b2881b6,Casey J So,2025-09-29,23:04:52,-07:00,2025-09-29T23:04:52-07:00,0,0
resume.html,65,html,796e8217,Casey J So,2025-09-29,23:18:12,-07:00,2025-09-29T23:18:12-07:00,2,7
resume.html,66,html,796e8217,Casey J So,2025-09-29,23:18:12,-07:00,2025-09-29T23:18:12-07:00,3,46
resume.html,67,html,796e8217,Casey J So,2025-09-29,23:18:12,-07:00,2025-09-29T23:18:12-07:00,3,130
resume.html,68,html,796e8217,Casey J So,2025-09-29,23:18:12,-07:00,2025-09-29T23:18:12-07:00,3,2
resume.html,69,html,796e8217,Casey J So,2025-09-29,23:18:12,-07:00,2025-09-29T23:18:12-07:00,4,165
resume.html,70,html,796e8217,Casey J So,2025-09-29,23:18:12,-07:00,2025-09-29T23:18:12-07:00,4,121
resume.html,71,html,796e8217,Casey J So,2025-09-29,23:18:12,-07:00,2025-09-29T23:18:12-07:00,4,77
resume.html,72,html,796e8217,Casey J So,2025-09-29,23:18:12,-07:00,2025-09-29T23:18:12-07:00,4,111
resume.html,73,html,796e8217,Casey J So,2025-09-29,23:18:12,-07:00,2025-09-29T23:18:12-07:00,4,96
resume.html,74,html,796e8217,Casey J So,2025-09-29,23:18:12,-07:00,2025-09-29T23:18:12-07:00,4,74
resume.html,75,html,796e8217,Casey J So,2025-09-29,23:18:12,-07:00,2025-09-29T23:18:12-07:00,3,3
resume.html,76,html,adb5eb79,Casey J So,2025-10-02,19:12:45,-07:00,2025-10-02T19:12:45-07:00,3,34
resume.html,77,html,adb5eb79,Casey J So,2025-10-02,19:12:45,-07:00,2025-10-02T19:12:45-07:00,3,110
resume.html,78,html,adb5eb79,Casey J So,2025-10-02,19:12:45,-07:00,2025-10-02T19:12:45-07:00,3,2
resume.html,79,html,adb5eb79,Casey J So,2025-10-02,19:12:45,-07:00,2025-10-02T19:12:45-07:00,4,137
resume.html,80,html,775cf314,Casey J So,2025-10-09,21:38:06,-07:00,2025-10-09T21:38:06-07:00,4,132
resume.html,81,html,adb5eb79,Casey J So,2025-10-02,19:12:45,-07:00,2025-10-02T19:12:45-07:00,4,100
resume.html,82,html,adb5eb79,Casey J So,2025-10-02,19:12:45,-07:00,2025-10-02T19:12:45-07:00,4,111
resume.html,83,html,adb5eb79,Casey J So,2025-10-02,19:12:45,-07:00,2025-10-02T19:12:45-07:00,4,115
resume.html,84,html,adb5eb79,Casey J So,2025-10-02,19:12:45,-07:00,2025-10-02T19:12:45-07:00,3,3
resume.html,85,html,adb5eb79,Casey J So,2025-10-02,19:12:45,-07:00,2025-10-02T19:12:45-07:00,3,22
resume.html,86,html,adb5eb79,Casey J So,2025-10-02,19:12:45,-07:00,2025-10-02T19:12:45-07:00,3,70
resume.html,87,html,adb5eb79,Casey J So,2025-10-02,19:12:45,-07:00,2025-10-02T19:12:45-07:00,3,2
resume.html,88,html,adb5eb79,Casey J So,2025-10-02,19:12:45,-07:00,2025-10-02T19:12:45-07:00,4,109
resume.html,89,html,adb5eb79,Casey J So,2025-10-02,19:12:45,-07:00,2025-10-02T19:12:45-07:00,4,120
resume.html,90,html,adb5eb79,Casey J So,2025-10-02,19:12:45,-07:00,2025-10-02T19:12:45-07:00,4,128
resume.html,91,html,adb5eb79,Casey J So,2025-10-02,19:12:45,-07:00,2025-10-02T19:12:45-07:00,4,125
resume.html,92,html,adb5eb79,Casey J So,2025-10-02,19:12:45,-07:00,2025-10-02T19:12:45-07:00,3,3
resume.html,93,html,796e8217,Casey J So,2025-09-29,23:18:12,-07:00,2025-09-29T23:18:12-07:00,2,8
resume.html,94,html,796e8217,Casey J So,2025-09-29,23:18:12,-07:00,2025-09-29T23:18:12-07:00,1,8
resume.html,95,html,ffe69c07,Casey J So,2025-09-30,15:33:57,-07:00,2025-09-30T15:33:57-07:00,2,7
resume.html,96,html,ffe69c07,Casey J So,2025-09-30,15:33:57,-07:00,2025-09-30T15:33:57-07:00,4,30
resume.html,97,html,ffe69c07,Casey J So,2025-09-30,15:33:57,-07:00,2025-09-30T15:33:57-07:00,4,2
resume.html,98,html,eabf96d8,Casey J So,2025-10-02,19:15:45,-07:00,2025-10-02T19:15:45-07:00,4,50
resume.html,99,html,eabf96d8,Casey J So,2025-10-02,19:15:45,-07:00,2025-10-02T19:15:45-07:00,4,77
resume.html,100,html,b437b0fb,Casey J So,2025-10-02,19:17:29,-07:00,2025-10-02T19:17:29-07:00,4,34
resume.html,101,html,ffe69c07,Casey J So,2025-09-30,15:33:57,-07:00,2025-09-30T15:33:57-07:00,4,35
resume.html,102,html,ffe69c07,Casey J So,2025-09-30,15:33:57,-07:00,2025-09-30T15:33:57-07:00,4,81
resume.html,103,html,ffe69c07,Casey J So,2025-09-30,15:33:57,-07:00,2025-09-30T15:33:57-07:00,4,3
resume.html,104,html,6b2881b6,Casey J So,2025-09-29,23:04:52,-07:00,2025-09-29T23:04:52-07:00,0,5
resume.html,105,html,796e8217,Casey J So,2025-09-29,23:18:12,-07:00,2025-09-29T23:18:12-07:00,0,5
index.js,1,js,87998f69,Casey J So,2025-10-22,16:31:58,-07:00,2025-10-22T16:31:58-07:00,0,71
index.js,2,js,0c5ecbad,Casey J So,2025-10-22,15:46:37,-07:00,2025-10-22T15:46:37-07:00,0,0
index.js,3,js,04f0c41f,Casey J So,2025-10-22,21:59:21,-07:00,2025-10-22T21:59:21-07:00,0,33
index.js,4,js,0c5ecbad,Casey J So,2025-10-22,15:46:37,-07:00,2025-10-22T15:46:37-07:00,1,54
index.js,5,js,04f0c41f,Casey J So,2025-10-22,21:59:21,-07:00,2025-10-22T21:59:21-07:00,1,20
index.js,6,js,87998f69,Casey J So,2025-10-22,16:31:58,-07:00,2025-10-22T16:31:58-07:00,0,0
index.js,7,js,0c5ecbad,Casey J So,2025-10-22,15:46:37,-07:00,2025-10-22T15:46:37-07:00,1,42
index.js,8,js,04f0c41f,Casey J So,2025-10-22,21:59:21,-07:00,2025-10-22T21:59:21-07:00,1,52
index.js,9,js,04f0c41f,Casey J So,2025-10-22,21:59:21,-07:00,2025-10-22T21:59:21-07:00,1,46
index.js,10,js,78f806b4,Casey J So,2025-10-22,16:20:36,-07:00,2025-10-22T16:20:36-07:00,0,0
index.js,11,js,f026b52c,Casey J So,2025-10-22,22:21:59,-07:00,2025-10-22T22:21:59-07:00,0,0
index.js,12,js,78f806b4,Casey J So,2025-10-22,16:20:36,-07:00,2025-10-22T16:20:36-07:00,0,32
index.js,13,js,04f0c41f,Casey J So,2025-10-22,21:59:21,-07:00,2025-10-22T21:59:21-07:00,1,62
index.js,14,js,04f0c41f,Casey J So,2025-10-22,21:59:21,-07:00,2025-10-22T21:59:21-07:00,1,26
index.js,15,js,8ae20a2c,Casey J So,2025-10-22,16:46:41,-07:00,2025-10-22T16:46:41-07:00,0,0
index.js,16,js,d089f827,Casey J So,2025-10-22,22:30:22,-07:00,2025-10-22T22:30:22-07:00,1,50
index.js,17,js,04f0c41f,Casey J So,2025-10-22,21:59:21,-07:00,2025-10-22T21:59:21-07:00,1,16
index.js,18,js,04f0c41f,Casey J So,2025-10-22,21:59:21,-07:00,2025-10-22T21:59:21-07:00,2,62
index.js,19,js,04f0c41f,Casey J So,2025-10-22,21:59:21,-07:00,2025-10-22T21:59:21-07:00,2,5
index.js,20,js,78f806b4,Casey J So,2025-10-22,16:20:36,-07:00,2025-10-22T16:20:36-07:00,1,0
index.js,21,js,04f0c41f,Casey J So,2025-10-22,21:59:21,-07:00,2025-10-22T21:59:21-07:00,0,0
index.js,22,js,04f0c41f,Casey J So,2025-10-22,21:59:21,-07:00,2025-10-22T21:59:21-07:00,1,26
index.js,23,js,04f0c41f,Casey J So,2025-10-22,21:59:21,-07:00,2025-10-22T21:59:21-07:00,2,19
index.js,24,js,04f0c41f,Casey J So,2025-10-22,21:59:21,-07:00,2025-10-22T21:59:21-07:00,2,2
index.js,25,js,04f0c41f,Casey J So,2025-10-22,21:59:21,-07:00,2025-10-22T21:59:21-07:00,3,55
index.js,26,js,04f0c41f,Casey J So,2025-10-22,21:59:21,-07:00,2025-10-22T21:59:21-07:00,3,49
index.js,27,js,04f0c41f,Casey J So,2025-10-22,21:59:21,-07:00,2025-10-22T21:59:21-07:00,3,49
index.js,28,js,04f0c41f,Casey J So,2025-10-22,21:59:21,-07:00,2025-10-22T21:59:21-07:00,2,3
index.js,29,js,04f0c41f,Casey J So,2025-10-22,21:59:21,-07:00,2025-10-22T21:59:21-07:00,1,0
index.js,30,js,78f806b4,Casey J So,2025-10-22,16:20:36,-07:00,2025-10-22T16:20:36-07:00,0,0
index.js,31,js,78f806b4,Casey J So,2025-10-22,16:20:36,-07:00,2025-10-22T16:20:36-07:00,0,0
index.js,32,js,04f0c41f,Casey J So,2025-10-22,21:59:21,-07:00,2025-10-22T21:59:21-07:00,0,17
index.js,33,js,f026b52c,Casey J So,2025-10-22,22:21:59,-07:00,2025-10-22T22:21:59-07:00,0,16
index.html,1,html,780f8252,Casey J So,2025-09-28,18:42:36,-07:00,2025-09-28T18:42:36-07:00,0,13
index.html,2,html,780f8252,Casey J So,2025-09-28,18:42:36,-07:00,2025-09-28T18:42:36-07:00,0,14
index.html,3,html,780f8252,Casey J So,2025-09-28,18:42:36,-07:00,2025-09-28T18:42:36-07:00,0,4
index.html,4,html,284cc113,Casey J So,2025-10-22,15:44:11,-07:00,2025-10-22T15:44:11-07:00,1,20
index.html,5,html,284cc113,Casey J So,2025-10-22,15:44:11,-07:00,2025-10-22T15:44:11-07:00,1,68
index.html,6,html,284cc113,Casey J So,2025-10-22,15:44:11,-07:00,2025-10-22T15:44:11-07:00,1,50
index.html,7,html,284cc113,Casey J So,2025-10-22,15:44:11,-07:00,2025-10-22T15:44:11-07:00,1,38
index.html,8,html,284cc113,Casey J So,2025-10-22,15:44:11,-07:00,2025-10-22T15:44:11-07:00,0,5
index.html,9,html,a62af031,Casey J So,2025-10-14,21:26:55,-07:00,2025-10-14T21:26:55-07:00,0,0
index.html,10,html,284cc113,Casey J So,2025-10-22,15:44:11,-07:00,2025-10-22T15:44:11-07:00,0,4
index.html,11,html,04e0d0f7,Casey J So,2025-10-22,22:36:37,-07:00,2025-10-22T22:36:37-07:00,1,15
index.html,12,html,d089f827,Casey J So,2025-10-22,22:30:22,-07:00,2025-10-22T22:30:22-07:00,1,1
index.html,13,html,d089f827,Casey J So,2025-10-22,22:30:22,-07:00,2025-10-22T22:30:22-07:00,2,68
index.html,14,html,d089f827,Casey J So,2025-10-22,22:30:22,-07:00,2025-10-22T22:30:22-07:00,2,59
index.html,15,html,d089f827,Casey J So,2025-10-22,22:30:22,-07:00,2025-10-22T22:30:22-07:00,1,2
index.html,16,html,284cc113,Casey J So,2025-10-22,15:44:11,-07:00,2025-10-22T15:44:11-07:00,0,0
index.html,17,html,284cc113,Casey J So,2025-10-22,15:44:11,-07:00,2025-10-22T15:44:11-07:00,1,44
index.html,18,html,e9067546,Casey J So,2025-10-22,15:38:38,-07:00,2025-10-22T15:38:38-07:00,0,0
index.html,19,html,78f806b4,Casey J So,2025-10-22,16:20:36,-07:00,2025-10-22T16:20:36-07:00,1,28
index.html,20,html,78f806b4,Casey J So,2025-10-22,16:20:36,-07:00,2025-10-22T16:20:36-07:00,0,0
index.html,21,html,284cc113,Casey J So,2025-10-22,15:44:11,-07:00,2025-10-22T15:44:11-07:00,1,22
index.html,22,html,284cc113,Casey J So,2025-10-22,15:44:11,-07:00,2025-10-22T15:44:11-07:00,1,20
index.html,23,html,e9067546,Casey J So,2025-10-22,15:38:38,-07:00,2025-10-22T15:38:38-07:00,2,49
index.html,24,html,284cc113,Casey J So,2025-10-22,15:44:11,-07:00,2025-10-22T15:44:11-07:00,1,4
index.html,25,html,d089f827,Casey J So,2025-10-22,22:30:22,-07:00,2025-10-22T22:30:22-07:00,0,0
index.html,26,html,d089f827,Casey J So,2025-10-22,22:30:22,-07:00,2025-10-22T22:30:22-07:00,1,45
index.html,27,html,d089f827,Casey J So,2025-10-22,22:30:22,-07:00,2025-10-22T22:30:22-07:00,1,44
index.html,28,html,780f8252,Casey J So,2025-09-28,18:42:36,-07:00,2025-09-28T18:42:36-07:00,0,5
index.html,29,html,236633f2,Casey J So,2025-10-22,16:32:57,-07:00,2025-10-22T16:32:57-07:00,0,5
index.html,30,html,d089f827,Casey J So,2025-10-22,22:30:22,-07:00,2025-10-22T22:30:22-07:00,0,0
global.js,1,js,a62af031,Casey J So,2025-10-14,21:26:55,-07:00,2025-10-14T21:26:55-07:00,0,25
global.js,2,js,a62af031,Casey J So,2025-10-14,21:26:55,-07:00,2025-10-14T21:26:55-07:00,0,0
global.js,3,js,a62af031,Casey J So,2025-10-14,21:26:55,-07:00,2025-10-14T21:26:55-07:00,0,41
global.js,4,js,a62af031,Casey J So,2025-10-14,21:26:55,-07:00,2025-10-14T21:26:55-07:00,1,52
global.js,5,js,a62af031,Casey J So,2025-10-14,21:26:55,-07:00,2025-10-14T21:26:55-07:00,0,0
global.js,6,js,d1e389e5,Casey J So,2025-10-14,21:55:11,-07:00,2025-10-14T21:55:11-07:00,0,30
global.js,7,js,d1e389e5,Casey J So,2025-10-14,21:55:11,-07:00,2025-10-14T21:55:11-07:00,0,35
global.js,8,js,d1e389e5,Casey J So,2025-10-14,21:55:11,-07:00,2025-10-14T21:55:11-07:00,0,70
global.js,9,js,d1e389e5,Casey J So,2025-10-14,21:55:11,-07:00,2025-10-14T21:55:11-07:00,0,3
global.js,10,js,d1e389e5,Casey J So,2025-10-14,21:55:11,-07:00,2025-10-14T21:55:11-07:00,0,39
global.js,11,js,2fb93f32,Casey J So,2025-10-14,22:23:16,-07:00,2025-10-14T22:23:16-07:00,0,15
global.js,12,js,2fb93f32,Casey J So,2025-10-14,22:23:16,-07:00,2025-10-14T22:23:16-07:00,1,68
global.js,13,js,2fb93f32,Casey J So,2025-10-14,22:23:16,-07:00,2025-10-14T22:23:16-07:00,2,12
global.js,14,js,2fb93f32,Casey J So,2025-10-14,22:23:16,-07:00,2025-10-14T22:23:16-07:00,2,29
global.js,15,js,13e9c751,Casey J So,2025-10-14,21:31:36,-07:00,2025-10-14T21:31:36-07:00,0,0
global.js,16,js,d1e389e5,Casey J So,2025-10-14,21:55:11,-07:00,2025-10-14T21:55:11-07:00,0,11
global.js,17,js,d1e389e5,Casey J So,2025-10-14,21:55:11,-07:00,2025-10-14T21:55:11-07:00,1,25
global.js,18,js,d1e389e5,Casey J So,2025-10-14,21:55:11,-07:00,2025-10-14T21:55:11-07:00,1,38
global.js,19,js,d1e389e5,Casey J So,2025-10-14,21:55:11,-07:00,2025-10-14T21:55:11-07:00,1,36
global.js,20,js,47d59812,Casey J So,2025-10-14,22:04:00,-07:00,2025-10-14T22:04:00-07:00,1,53
global.js,21,js,730f7155,Casey J So,2025-10-14,22:35:53,-07:00,2025-10-14T22:35:53-07:00,1,37
global.js,22,js,d1e389e5,Casey J So,2025-10-14,21:55:11,-07:00,2025-10-14T21:55:11-07:00,0,0
global.js,23,js,d1e389e5,Casey J So,2025-10-14,21:55:11,-07:00,2025-10-14T21:55:11-07:00,0,0
global.js,24,js,d1e389e5,Casey J So,2025-10-14,21:55:11,-07:00,2025-10-14T21:55:11-07:00,0,38
global.js,25,js,d1e389e5,Casey J So,2025-10-14,21:55:11,-07:00,2025-10-14T21:55:11-07:00,0,25
global.js,26,js,d1e389e5,Casey J So,2025-10-14,21:55:11,-07:00,2025-10-14T21:55:11-07:00,0,0
global.js,27,js,d1e389e5,Casey J So,2025-10-14,21:55:11,-07:00,2025-10-14T21:55:11-07:00,0,20
global.js,28,js,d1e389e5,Casey J So,2025-10-14,21:55:11,-07:00,2025-10-14T21:55:11-07:00,1,14
global.js,29,js,718d9d2c,Casey J So,2025-10-14,22:19:43,-07:00,2025-10-14T22:19:43-07:00,1,18
global.js,30,js,769b0b6f,Casey J So,2025-10-14,22:12:31,-07:00,2025-10-14T22:12:31-07:00,1,28
global.js,31,js,769b0b6f,Casey J So,2025-10-14,22:12:31,-07:00,2025-10-14T22:12:31-07:00,4,20
global.js,32,js,769b0b6f,Casey J So,2025-10-14,22:12:31,-07:00,2025-10-14T22:12:31-07:00,2,0
global.js,33,js,d1e389e5,Casey J So,2025-10-14,21:55:11,-07:00,2025-10-14T21:55:11-07:00,0,0
global.js,34,js,d1e389e5,Casey J So,2025-10-14,21:55:11,-07:00,2025-10-14T21:55:11-07:00,0,70
global.js,35,js,d1e389e5,Casey J So,2025-10-14,21:55:11,-07:00,2025-10-14T21:55:11-07:00,0,0
global.js,36,js,d1e389e5,Casey J So,2025-10-14,21:55:11,-07:00,2025-10-14T21:55:11-07:00,1,34
global.js,37,js,d1e389e5,Casey J So,2025-10-14,21:55:11,-07:00,2025-10-14T21:55:11-07:00,1,11
global.js,38,js,d1e389e5,Casey J So,2025-10-14,21:55:11,-07:00,2025-10-14T21:55:11-07:00,1,20
global.js,39,js,d1e389e5,Casey J So,2025-10-14,21:55:11,-07:00,2025-10-14T21:55:11-07:00,1,12
global.js,40,js,d1e389e5,Casey J So,2025-10-14,21:55:11,-07:00,2025-10-14T21:55:11-07:00,0,0
global.js,41,js,d1e389e5,Casey J So,2025-10-14,21:55:11,-07:00,2025-10-14T21:55:11-07:00,0,33
global.js,42,js,d1e389e5,Casey J So,2025-10-14,21:55:11,-07:00,2025-10-14T21:55:11-07:00,0,25
global.js,43,js,2fb93f32,Casey J So,2025-10-14,22:23:16,-07:00,2025-10-14T22:23:16-07:00,1,65
global.js,44,js,2fb93f32,Casey J So,2025-10-14,22:23:16,-07:00,2025-10-14T22:23:16-07:00,4,25
global.js,45,js,2fb93f32,Casey J So,2025-10-14,22:23:16,-07:00,2025-10-14T22:23:16-07:00,1,0
global.js,46,js,2fb93f32,Casey J So,2025-10-14,22:23:16,-07:00,2025-10-14T22:23:16-07:00,1,29
global.js,47,js,2fb93f32,Casey J So,2025-10-14,22:23:16,-07:00,2025-10-14T22:23:16-07:00,4,18
global.js,48,js,2fb93f32,Casey J So,2025-10-14,22:23:16,-07:00,2025-10-14T22:23:16-07:00,1,0
global.js,49,js,70cc1282,Casey J So,2025-10-14,22:46:11,-07:00,2025-10-14T22:46:11-07:00,0,0
global.js,50,js,70cc1282,Casey J So,2025-10-14,22:46:11,-07:00,2025-10-14T22:46:11-07:00,0,0
global.js,51,js,70cc1282,Casey J So,2025-10-14,22:46:11,-07:00,2025-10-14T22:46:11-07:00,0,31
global.js,52,js,70cc1282,Casey J So,2025-10-14,22:46:11,-07:00,2025-10-14T22:46:11-07:00,1,11
global.js,53,js,70cc1282,Casey J So,2025-10-14,22:46:11,-07:00,2025-10-14T22:46:11-07:00,1,0
global.js,54,js,70cc1282,Casey J So,2025-10-14,22:46:11,-07:00,2025-10-14T22:46:11-07:00,1,26
global.js,55,js,70cc1282,Casey J So,2025-10-14,22:46:11,-07:00,2025-10-14T22:46:11-07:00,2,4
global.js,56,js,70cc1282,Casey J So,2025-10-14,22:46:11,-07:00,2025-10-14T22:46:11-07:00,2,6
global.js,57,js,70cc1282,Casey J So,2025-10-14,22:46:11,-07:00,2025-10-14T22:46:11-07:00,3,43
global.js,58,js,70cc1282,Casey J So,2025-10-14,22:46:11,-07:00,2025-10-14T22:46:11-07:00,3,34
global.js,59,js,70cc1282,Casey J So,2025-10-14,22:46:11,-07:00,2025-10-14T22:46:11-07:00,3,32
global.js,60,js,70cc1282,Casey J So,2025-10-14,22:46:11,-07:00,2025-10-14T22:46:11-07:00,2,7
global.js,61,js,70cc1282,Casey J So,2025-10-14,22:46:11,-07:00,2025-10-14T22:46:11-07:00,1,6
global.js,62,js,70cc1282,Casey J So,2025-10-14,22:46:11,-07:00,2025-10-14T22:46:11-07:00,0,0
global.js,63,js,70cc1282,Casey J So,2025-10-14,22:46:11,-07:00,2025-10-14T22:46:11-07:00,0,0
global.js,64,js,70cc1282,Casey J So,2025-10-14,22:46:11,-07:00,2025-10-14T22:46:11-07:00,0,0
global.js,65,js,70cc1282,Casey J So,2025-10-14,22:46:11,-07:00,2025-10-14T22:46:11-07:00,0,60
global.js,66,js,70cc1282,Casey J So,2025-10-14,22:46:11,-07:00,2025-10-14T22:46:11-07:00,0,0
global.js,67,js,70cc1282,Casey J So,2025-10-14,22:46:11,-07:00,2025-10-14T22:46:11-07:00,0,36
global.js,68,js,70cc1282,Casey J So,2025-10-14,22:46:11,-07:00,2025-10-14T22:46:11-07:00,1,70
global.js,69,js,70cc1282,Casey J So,2025-10-14,22:46:11,-07:00,2025-10-14T22:46:11-07:00,1,25
global.js,70,js,70cc1282,Casey J So,2025-10-14,22:46:11,-07:00,2025-10-14T22:46:11-07:00,0,0
global.js,71,js,70cc1282,Casey J So,2025-10-14,22:46:11,-07:00,2025-10-14T22:46:11-07:00,0,0
global.js,72,js,70cc1282,Casey J So,2025-10-14,22:46:11,-07:00,2025-10-14T22:46:11-07:00,0,34
global.js,73,js,70cc1282,Casey J So,2025-10-14,22:46:11,-07:00,2025-10-14T22:46:11-07:00,1,39
global.js,74,js,70cc1282,Casey J So,2025-10-14,22:46:11,-07:00,2025-10-14T22:46:11-07:00,0,6
global.js,75,js,5850259b,Casey J So,2025-10-14,23:02:25,-07:00,2025-10-14T23:02:25-07:00,1,27
global.js,76,js,70cc1282,Casey J So,2025-10-14,22:46:11,-07:00,2025-10-14T22:46:11-07:00,0,0
global.js,77,js,70cc1282,Casey J So,2025-10-14,22:46:11,-07:00,2025-10-14T22:46:11-07:00,0,0
global.js,78,js,70cc1282,Casey J So,2025-10-14,22:46:11,-07:00,2025-10-14T22:46:11-07:00,0,49
global.js,79,js,70cc1282,Casey J So,2025-10-14,22:46:11,-07:00,2025-10-14T22:46:11-07:00,1,32
global.js,80,js,70cc1282,Casey J So,2025-10-14,22:46:11,-07:00,2025-10-14T22:46:11-07:00,1,21
global.js,81,js,70cc1282,Casey J So,2025-10-14,22:46:11,-07:00,2025-10-14T22:46:11-07:00,1,32
global.js,82,js,70cc1282,Casey J So,2025-10-14,22:46:11,-07:00,2025-10-14T22:46:11-07:00,1,45
global.js,83,js,e482e6b2,Casey J So,2025-10-15,15:58:56,-07:00,2025-10-15T15:58:56-07:00,0,1
global.js,84,js,2d3b51da,Casey J So,2025-10-15,22:00:30,-07:00,2025-10-15T22:00:30-07:00,0,82
global.js,85,js,2d3b51da,Casey J So,2025-10-15,22:00:30,-07:00,2025-10-15T22:00:30-07:00,1,46
global.js,86,js,2d3b51da,Casey J So,2025-10-15,22:00:30,-07:00,2025-10-15T22:00:30-07:00,2,27
global.js,87,js,2d3b51da,Casey J So,2025-10-15,22:00:30,-07:00,2025-10-15T22:00:30-07:00,1,0
global.js,88,js,2d3b51da,Casey J So,2025-10-15,22:00:30,-07:00,2025-10-15T22:00:30-07:00,0,1
global.js,89,js,e482e6b2,Casey J So,2025-10-15,15:58:56,-07:00,2025-10-15T15:58:56-07:00,0,0
global.js,90,js,e482e6b2,Casey J So,2025-10-15,15:58:56,-07:00,2025-10-15T15:58:56-07:00,0,42
global.js,91,js,e482e6b2,Casey J So,2025-10-15,15:58:56,-07:00,2025-10-15T15:58:56-07:00,0,0
global.js,92,js,e482e6b2,Casey J So,2025-10-15,15:58:56,-07:00,2025-10-15T15:58:56-07:00,0,48
global.js,93,js,e482e6b2,Casey J So,2025-10-15,15:58:56,-07:00,2025-10-15T15:58:56-07:00,1,21
global.js,94,js,e482e6b2,Casey J So,2025-10-15,15:58:56,-07:00,2025-10-15T15:58:56-07:00,0,0
global.js,95,js,e482e6b2,Casey J So,2025-10-15,15:58:56,-07:00,2025-10-15T15:58:56-07:00,1,30
global.js,96,js,e482e6b2,Casey J So,2025-10-15,15:58:56,-07:00,2025-10-15T15:58:56-07:00,1,16
global.js,97,js,e482e6b2,Casey J So,2025-10-15,15:58:56,-07:00,2025-10-15T15:58:56-07:00,0,0
global.js,98,js,e482e6b2,Casey J So,2025-10-15,15:58:56,-07:00,2025-10-15T15:58:56-07:00,1,31
global.js,99,js,e482e6b2,Casey J So,2025-10-15,15:58:56,-07:00,2025-10-15T15:58:56-07:00,2,50
global.js,100,js,e482e6b2,Casey J So,2025-10-15,15:58:56,-07:00,2025-10-15T15:58:56-07:00,1,0
global.js,101,js,e482e6b2,Casey J So,2025-10-15,15:58:56,-07:00,2025-10-15T15:58:56-07:00,0,0
global.js,102,js,e482e6b2,Casey J So,2025-10-15,15:58:56,-07:00,2025-10-15T15:58:56-07:00,1,29
global.js,103,js,e482e6b2,Casey J So,2025-10-15,15:58:56,-07:00,2025-10-15T15:58:56-07:00,1,36
global.js,104,js,e482e6b2,Casey J So,2025-10-15,15:58:56,-07:00,2025-10-15T15:58:56-07:00,0,0
global.js,105,js,e482e6b2,Casey J So,2025-10-15,15:58:56,-07:00,2025-10-15T15:58:56-07:00,1,18
global.js,106,js,54312e7d,Casey J So,2025-10-22,15:06:05,-07:00,2025-10-22T15:06:05-07:00,0,1
global.js,107,js,54312e7d,Casey J So,2025-10-22,15:06:05,-07:00,2025-10-22T15:06:05-07:00,0,0
global.js,108,js,54312e7d,Casey J So,2025-10-22,15:06:05,-07:00,2025-10-22T15:06:05-07:00,0,36
global.js,109,js,54312e7d,Casey J So,2025-10-22,15:06:05,-07:00,2025-10-22T15:06:05-07:00,1,3
global.js,110,js,54312e7d,Casey J So,2025-10-22,15:06:05,-07:00,2025-10-22T15:06:05-07:00,2,32
global.js,111,js,65542828,Casey J So,2025-10-22,15:24:55,-07:00,2025-10-22T15:24:55-07:00,2,17
global.js,112,js,65542828,Casey J So,2025-10-22,15:24:55,-07:00,2025-10-22T15:24:55-07:00,3,66
global.js,113,js,65542828,Casey J So,2025-10-22,15:24:55,-07:00,2025-10-22T15:24:55-07:00,2,0
global.js,114,js,65542828,Casey J So,2025-10-22,15:24:55,-07:00,2025-10-22T15:24:55-07:00,2,33
global.js,115,js,65542828,Casey J So,2025-10-22,15:24:55,-07:00,2025-10-22T15:24:55-07:00,2,10
global.js,116,js,54312e7d,Casey J So,2025-10-22,15:06:05,-07:00,2025-10-22T15:06:05-07:00,1,15
global.js,117,js,54312e7d,Casey J So,2025-10-22,15:06:05,-07:00,2025-10-22T15:06:05-07:00,2,59
global.js,118,js,54312e7d,Casey J So,2025-10-22,15:06:05,-07:00,2025-10-22T15:06:05-07:00,1,0
global.js,119,js,54312e7d,Casey J So,2025-10-22,15:06:05,-07:00,2025-10-22T15:06:05-07:00,0,0
global.js,120,js,54312e7d,Casey J So,2025-10-22,15:06:05,-07:00,2025-10-22T15:06:05-07:00,0,0
global.js,121,js,54312e7d,Casey J So,2025-10-22,15:06:05,-07:00,2025-10-22T15:06:05-07:00,0,79
global.js,122,js,54312e7d,Casey J So,2025-10-22,15:06:05,-07:00,2025-10-22T15:06:05-07:00,1,50
global.js,123,js,54312e7d,Casey J So,2025-10-22,15:06:05,-07:00,2025-10-22T15:06:05-07:00,2,60
global.js,124,js,54312e7d,Casey J So,2025-10-22,15:06:05,-07:00,2025-10-22T15:06:05-07:00,2,5
global.js,125,js,54312e7d,Casey J So,2025-10-22,15:06:05,-07:00,2025-10-22T15:06:05-07:00,1,0
global.js,126,js,54312e7d,Casey J So,2025-10-22,15:06:05,-07:00,2025-10-22T15:06:05-07:00,0,0
global.js,127,js,7d37d059,Casey J So,2025-10-29,11:30:15,-07:00,2025-10-29T11:30:15-07:00,1,30
global.js,128,js,70108b67,Casey J So,2025-10-22,21:41:00,-07:00,2025-10-22T21:41:00-07:00,0,0
global.js,129,js,54312e7d,Casey J So,2025-10-22,15:06:05,-07:00,2025-10-22T15:06:05-07:00,1,29
global.js,130,js,04f0c41f,Casey J So,2025-10-22,21:59:21,-07:00,2025-10-22T21:59:21-07:00,2,47
global.js,131,js,04f0c41f,Casey J So,2025-10-22,21:59:21,-07:00,2025-10-22T21:59:21-07:00,3,13
global.js,132,js,04f0c41f,Casey J So,2025-10-22,21:59:21,-07:00,2025-10-22T21:59:21-07:00,3,48
global.js,133,js,04f0c41f,Casey J So,2025-10-22,21:59:21,-07:00,2025-10-22T21:59:21-07:00,5,21
global.js,134,js,04f0c41f,Casey J So,2025-10-22,21:59:21,-07:00,2025-10-22T21:59:21-07:00,5,15
global.js,135,js,70108b67,Casey J So,2025-10-22,21:41:00,-07:00,2025-10-22T21:41:00-07:00,0,0
global.js,136,js,04f0c41f,Casey J So,2025-10-22,21:59:21,-07:00,2025-10-22T21:59:21-07:00,2,48
global.js,137,js,70108b67,Casey J So,2025-10-22,21:41:00,-07:00,2025-10-22T21:41:00-07:00,0,0
global.js,138,js,54312e7d,Casey J So,2025-10-22,15:06:05,-07:00,2025-10-22T15:06:05-07:00,2,19
global.js,139,js,54312e7d,Casey J So,2025-10-22,15:06:05,-07:00,2025-10-22T15:06:05-07:00,3,49
global.js,140,js,2707555d,Casey J So,2025-10-25,16:33:44,-07:00,2025-10-25T16:33:44-07:00,3,33
global.js,141,js,04f0c41f,Casey J So,2025-10-22,21:59:21,-07:00,2025-10-22T21:59:21-07:00,3,44
global.js,142,js,54312e7d,Casey J So,2025-10-22,15:06:05,-07:00,2025-10-22T15:06:05-07:00,3,27
global.js,143,js,54312e7d,Casey J So,2025-10-22,15:06:05,-07:00,2025-10-22T15:06:05-07:00,2,0
global.js,144,js,70108b67,Casey J So,2025-10-22,21:41:00,-07:00,2025-10-22T21:41:00-07:00,0,0
global.js,145,js,54312e7d,Casey J So,2025-10-22,15:06:05,-07:00,2025-10-22T15:06:05-07:00,2,36
global.js,146,js,54312e7d,Casey J So,2025-10-22,15:06:05,-07:00,2025-10-22T15:06:05-07:00,1,0
global.js,147,js,54312e7d,Casey J So,2025-10-22,15:06:05,-07:00,2025-10-22T15:06:05-07:00,0,0
global.js,148,js,54312e7d,Casey J So,2025-10-22,15:06:05,-07:00,2025-10-22T15:06:05-07:00,1,26
global.js,149,js,54312e7d,Casey J So,2025-10-22,15:06:05,-07:00,2025-10-22T15:06:05-07:00,2,55
global.js,150,js,54312e7d,Casey J So,2025-10-22,15:06:05,-07:00,2025-10-22T15:06:05-07:00,1,0
global.js,151,js,54312e7d,Casey J So,2025-10-22,15:06:05,-07:00,2025-10-22T15:06:05-07:00,0,0
global.js,152,js,9ee7abf5,Casey J So,2025-10-22,22:14:02,-07:00,2025-10-22T22:14:02-07:00,0,47
global.js,153,js,9ee7abf5,Casey J So,2025-10-22,22:14:02,-07:00,2025-10-22T22:14:02-07:00,1,59
global.js,154,js,9ee7abf5,Casey J So,2025-10-22,22:14:02,-07:00,2025-10-22T22:14:02-07:00,0,0
global.js,155,js,9ee7abf5,Casey J So,2025-10-22,22:14:02,-07:00,2025-10-22T22:14:02-07:00,0,0
projects/projects.js,1,js,0364b448,Casey J So,2025-10-22,15:16:32,-07:00,2025-10-22T15:16:32-07:00,0,55
projects/projects.js,2,js,9a3a90a9,Casey J So,2025-10-25,19:07:14,-07:00,2025-10-25T19:07:14-07:00,0,59
projects/projects.js,3,js,9a3a90a9,Casey J So,2025-10-25,19:07:14,-07:00,2025-10-25T19:07:14-07:00,0,0
projects/projects.js,4,js,9a3a90a9,Casey J So,2025-10-25,19:07:14,-07:00,2025-10-25T19:07:14-07:00,0,16
projects/projects.js,5,js,9a3a90a9,Casey J So,2025-10-25,19:07:14,-07:00,2025-10-25T19:07:14-07:00,0,21
projects/projects.js,6,js,9a3a90a9,Casey J So,2025-10-25,19:07:14,-07:00,2025-10-25T19:07:14-07:00,0,0
projects/projects.js,7,js,9a3a90a9,Casey J So,2025-10-25,19:07:14,-07:00,2025-10-25T19:07:14-07:00,0,38
projects/projects.js,8,js,9a3a90a9,Casey J So,2025-10-25,19:07:14,-07:00,2025-10-25T19:07:14-07:00,0,34
projects/projects.js,9,js,9a3a90a9,Casey J So,2025-10-25,19:07:14,-07:00,2025-10-25T19:07:14-07:00,0,60
projects/projects.js,10,js,34a712b2,Casey J So,2025-10-25,19:31:31,-07:00,2025-10-25T19:31:31-07:00,0,54
projects/projects.js,11,js,34a712b2,Casey J So,2025-10-25,19:31:31,-07:00,2025-10-25T19:31:31-07:00,0,0
projects/projects.js,12,js,34a712b2,Casey J So,2025-10-25,19:31:31,-07:00,2025-10-25T19:31:31-07:00,0,33
projects/projects.js,13,js,34a712b2,Casey J So,2025-10-25,19:31:31,-07:00,2025-10-25T19:31:31-07:00,1,10
projects/projects.js,14,js,34a712b2,Casey J So,2025-10-25,19:31:31,-07:00,2025-10-25T19:31:31-07:00,2,46
projects/projects.js,15,js,34a712b2,Casey J So,2025-10-25,19:31:31,-07:00,2025-10-25T19:31:31-07:00,1,0
projects/projects.js,16,js,34a712b2,Casey J So,2025-10-25,19:31:31,-07:00,2025-10-25T19:31:31-07:00,0,0
projects/projects.js,17,js,86c01f4a,Casey J So,2025-10-22,21:31:37,-07:00,2025-10-22T21:31:37-07:00,0,0
projects/projects.js,18,js,75684df3,Casey J So,2025-10-25,17:39:09,-07:00,2025-10-25T17:39:09-07:00,0,29
projects/projects.js,19,js,6ac6b661,Casey J So,2025-10-25,19:25:00,-07:00,2025-10-25T19:25:00-07:00,1,51
projects/projects.js,20,js,6ac6b661,Casey J So,2025-10-25,19:25:00,-07:00,2025-10-25T19:25:00-07:00,1,16
projects/projects.js,21,js,6ac6b661,Casey J So,2025-10-25,19:25:00,-07:00,2025-10-25T19:25:00-07:00,1,14
projects/projects.js,22,js,34a712b2,Casey J So,2025-10-25,19:31:31,-07:00,2025-10-25T19:31:31-07:00,0,0
projects/projects.js,23,js,6ac6b661,Casey J So,2025-10-25,19:25:00,-07:00,2025-10-25T19:25:00-07:00,1,48
projects/projects.js,24,js,34a712b2,Casey J So,2025-10-25,19:31:31,-07:00,2025-10-25T19:31:31-07:00,1,27
projects/projects.js,25,js,6ac6b661,Casey J So,2025-10-25,19:25:00,-07:00,2025-10-25T19:25:00-07:00,1,23
projects/projects.js,26,js,d56ce691,Casey J So,2025-10-27,21:41:38,-07:00,2025-10-27T21:41:38-07:00,0,0
projects/projects.js,27,js,2e1053a8,Casey J So,2025-10-27,21:45:24,-07:00,2025-10-27T21:45:24-07:00,1,55
projects/projects.js,28,js,d56ce691,Casey J So,2025-10-27,21:41:38,-07:00,2025-10-27T21:41:38-07:00,1,16
projects/projects.js,29,js,d56ce691,Casey J So,2025-10-27,21:41:38,-07:00,2025-10-27T21:41:38-07:00,2,42
projects/projects.js,30,js,d56ce691,Casey J So,2025-10-27,21:41:38,-07:00,2025-10-27T21:41:38-07:00,3,41
projects/projects.js,31,js,d56ce691,Casey J So,2025-10-27,21:41:38,-07:00,2025-10-27T21:41:38-07:00,0,0
projects/projects.js,32,js,d56ce691,Casey J So,2025-10-27,21:41:38,-07:00,2025-10-27T21:41:38-07:00,3,43
projects/projects.js,33,js,d61d50f8,Casey J So,2025-10-27,21:56:17,-07:00,2025-10-27T21:56:17-07:00,4,39
projects/projects.js,34,js,d61d50f8,Casey J So,2025-10-27,21:56:17,-07:00,2025-10-27T21:56:17-07:00,4,31
projects/projects.js,35,js,d61d50f8,Casey J So,2025-10-27,21:56:17,-07:00,2025-10-27T21:56:17-07:00,4,42
projects/projects.js,36,js,d61d50f8,Casey J So,2025-10-27,21:56:17,-07:00,2025-10-27T21:56:17-07:00,3,2
projects/projects.js,37,js,d61d50f8,Casey J So,2025-10-27,21:56:17,-07:00,2025-10-27T21:56:17-07:00,0,0
projects/projects.js,38,js,d56ce691,Casey J So,2025-10-27,21:41:38,-07:00,2025-10-27T21:41:38-07:00,0,0
projects/projects.js,39,js,d56ce691,Casey J So,2025-10-27,21:41:38,-07:00,2025-10-27T21:41:38-07:00,3,31
projects/projects.js,40,js,d56ce691,Casey J So,2025-10-27,21:41:38,-07:00,2025-10-27T21:41:38-07:00,3,25
projects/projects.js,41,js,d56ce691,Casey J So,2025-10-27,21:41:38,-07:00,2025-10-27T21:41:38-07:00,4,66
projects/projects.js,42,js,d56ce691,Casey J So,2025-10-27,21:41:38,-07:00,2025-10-27T21:41:38-07:00,4,72
projects/projects.js,43,js,d56ce691,Casey J So,2025-10-27,21:41:38,-07:00,2025-10-27T21:41:38-07:00,3,0
projects/projects.js,44,js,d56ce691,Casey J So,2025-10-27,21:41:38,-07:00,2025-10-27T21:41:38-07:00,0,0
projects/projects.js,45,js,d56ce691,Casey J So,2025-10-27,21:41:38,-07:00,2025-10-27T21:41:38-07:00,3,49
projects/projects.js,46,js,d56ce691,Casey J So,2025-10-27,21:41:38,-07:00,2025-10-27T21:41:38-07:00,3,28
projects/projects.js,47,js,d56ce691,Casey J So,2025-10-27,21:41:38,-07:00,2025-10-27T21:41:38-07:00,2,1
projects/projects.js,48,js,d56ce691,Casey J So,2025-10-27,21:41:38,-07:00,2025-10-27T21:41:38-07:00,1,0
projects/projects.js,49,js,9a3a90a9,Casey J So,2025-10-25,19:07:14,-07:00,2025-10-25T19:07:14-07:00,0,0
projects/projects.js,50,js,9a3a90a9,Casey J So,2025-10-25,19:07:14,-07:00,2025-10-25T19:07:14-07:00,0,0
projects/projects.js,51,js,6ac6b661,Casey J So,2025-10-25,19:25:00,-07:00,2025-10-25T19:25:00-07:00,0,38
projects/projects.js,52,js,9a3a90a9,Casey J So,2025-10-25,19:07:14,-07:00,2025-10-25T19:07:14-07:00,1,26
projects/projects.js,53,js,9a3a90a9,Casey J So,2025-10-25,19:07:14,-07:00,2025-10-25T19:07:14-07:00,1,29
projects/projects.js,54,js,9a3a90a9,Casey J So,2025-10-25,19:07:14,-07:00,2025-10-25T19:07:14-07:00,0,0
projects/projects.js,55,js,6ac6b661,Casey J So,2025-10-25,19:25:00,-07:00,2025-10-25T19:25:00-07:00,1,71
projects/projects.js,56,js,9a3a90a9,Casey J So,2025-10-25,19:07:14,-07:00,2025-10-25T19:07:14-07:00,1,78
projects/projects.js,57,js,9a3a90a9,Casey J So,2025-10-25,19:07:14,-07:00,2025-10-25T19:07:14-07:00,0,0
projects/projects.js,58,js,9a3a90a9,Casey J So,2025-10-25,19:07:14,-07:00,2025-10-25T19:07:14-07:00,1,44
projects/projects.js,59,js,9a3a90a9,Casey J So,2025-10-25,19:07:14,-07:00,2025-10-25T19:07:14-07:00,1,49
projects/projects.js,60,js,9a3a90a9,Casey J So,2025-10-25,19:07:14,-07:00,2025-10-25T19:07:14-07:00,0,0
projects/projects.js,61,js,9a3a90a9,Casey J So,2025-10-25,19:07:14,-07:00,2025-10-25T19:07:14-07:00,1,39
projects/projects.js,62,js,9a3a90a9,Casey J So,2025-10-25,19:07:14,-07:00,2025-10-25T19:07:14-07:00,1,54
projects/projects.js,63,js,b7753b8b,Casey J So,2025-10-25,17:53:04,-07:00,2025-10-25T17:53:04-07:00,0,0
projects/projects.js,64,js,9a3a90a9,Casey J So,2025-10-25,19:07:14,-07:00,2025-10-25T19:07:14-07:00,1,11
projects/projects.js,65,js,9a3a90a9,Casey J So,2025-10-25,19:07:14,-07:00,2025-10-25T19:07:14-07:00,2,40
projects/projects.js,66,js,9a3a90a9,Casey J So,2025-10-25,19:07:14,-07:00,2025-10-25T19:07:14-07:00,2,10
projects/projects.js,67,js,9a3a90a9,Casey J So,2025-10-25,19:07:14,-07:00,2025-10-25T19:07:14-07:00,2,59
projects/projects.js,68,js,9a3a90a9,Casey J So,2025-10-25,19:07:14,-07:00,2025-10-25T19:07:14-07:00,0,0
projects/projects.js,69,js,6ac6b661,Casey J So,2025-10-25,19:25:00,-07:00,2025-10-25T19:25:00-07:00,1,13
projects/projects.js,70,js,6ac6b661,Casey J So,2025-10-25,19:25:00,-07:00,2025-10-25T19:25:00-07:00,2,16
projects/projects.js,71,js,9a3a90a9,Casey J So,2025-10-25,19:07:14,-07:00,2025-10-25T19:07:14-07:00,2,14
projects/projects.js,72,js,9a3a90a9,Casey J So,2025-10-25,19:07:14,-07:00,2025-10-25T19:07:14-07:00,2,11
projects/projects.js,73,js,9a3a90a9,Casey J So,2025-10-25,19:07:14,-07:00,2025-10-25T19:07:14-07:00,2,13
projects/projects.js,74,js,9a3a90a9,Casey J So,2025-10-25,19:07:14,-07:00,2025-10-25T19:07:14-07:00,2,32
projects/projects.js,75,js,6ac6b661,Casey J So,2025-10-25,19:25:00,-07:00,2025-10-25T19:25:00-07:00,2,65
projects/projects.js,76,js,2b963ee8,Casey J So,2025-10-25,20:19:40,-07:00,2025-10-25T20:19:40-07:00,2,32
projects/projects.js,77,js,2b963ee8,Casey J So,2025-10-25,20:19:40,-07:00,2025-10-25T20:19:40-07:00,3,54
projects/projects.js,78,js,2b963ee8,Casey J So,2025-10-25,20:19:40,-07:00,2025-10-25T20:19:40-07:00,3,43
projects/projects.js,79,js,34a712b2,Casey J So,2025-10-25,19:31:31,-07:00,2025-10-25T19:31:31-07:00,0,0
projects/projects.js,80,js,d56ce691,Casey J So,2025-10-27,21:41:38,-07:00,2025-10-27T21:41:38-07:00,3,15
projects/projects.js,81,js,2b963ee8,Casey J So,2025-10-25,20:19:40,-07:00,2025-10-25T20:19:40-07:00,3,43
projects/projects.js,82,js,2b963ee8,Casey J So,2025-10-25,20:19:40,-07:00,2025-10-25T20:19:40-07:00,4,39
projects/projects.js,83,js,2b963ee8,Casey J So,2025-10-25,20:19:40,-07:00,2025-10-25T20:19:40-07:00,3,0
projects/projects.js,84,js,2b963ee8,Casey J So,2025-10-25,20:19:40,-07:00,2025-10-25T20:19:40-07:00,3,46
projects/projects.js,85,js,2b963ee8,Casey J So,2025-10-25,20:19:40,-07:00,2025-10-25T20:19:40-07:00,4,39
projects/projects.js,86,js,2b963ee8,Casey J So,2025-10-25,20:19:40,-07:00,2025-10-25T20:19:40-07:00,3,0
projects/projects.js,87,js,f2ccb276,Casey J So,2025-10-25,20:07:32,-07:00,2025-10-25T20:07:32-07:00,0,0
projects/projects.js,88,js,d56ce691,Casey J So,2025-10-27,21:41:38,-07:00,2025-10-27T21:41:38-07:00,3,34
projects/projects.js,89,js,d56ce691,Casey J So,2025-10-27,21:41:38,-07:00,2025-10-27T21:41:38-07:00,3,52
projects/projects.js,90,js,d56ce691,Casey J So,2025-10-27,21:41:38,-07:00,2025-10-27T21:41:38-07:00,3,52
projects/projects.js,91,js,d56ce691,Casey J So,2025-10-27,21:41:38,-07:00,2025-10-27T21:41:38-07:00,0,0
projects/projects.js,92,js,d56ce691,Casey J So,2025-10-27,21:41:38,-07:00,2025-10-27T21:41:38-07:00,3,33
projects/projects.js,93,js,d56ce691,Casey J So,2025-10-27,21:41:38,-07:00,2025-10-27T21:41:38-07:00,4,36
projects/projects.js,94,js,d56ce691,Casey J So,2025-10-27,21:41:38,-07:00,2025-10-27T21:41:38-07:00,3,0
projects/projects.js,95,js,d56ce691,Casey J So,2025-10-27,21:41:38,-07:00,2025-10-27T21:41:38-07:00,0,0
projects/projects.js,96,js,d56ce691,Casey J So,2025-10-27,21:41:38,-07:00,2025-10-27T21:41:38-07:00,3,43
projects/projects.js,97,js,d56ce691,Casey J So,2025-10-27,21:41:38,-07:00,2025-10-27T21:41:38-07:00,3,25
projects/projects.js,98,js,2b963ee8,Casey J So,2025-10-25,20:19:40,-07:00,2025-10-25T20:19:40-07:00,4,37
projects/projects.js,99,js,d56ce691,Casey J So,2025-10-27,21:41:38,-07:00,2025-10-27T21:41:38-07:00,4,63
projects/projects.js,100,js,2b963ee8,Casey J So,2025-10-25,20:19:40,-07:00,2025-10-25T20:19:40-07:00,3,0
projects/projects.js,101,js,d56ce691,Casey J So,2025-10-27,21:41:38,-07:00,2025-10-27T21:41:38-07:00,0,0
projects/projects.js,102,js,d56ce691,Casey J So,2025-10-27,21:41:38,-07:00,2025-10-27T21:41:38-07:00,3,48
projects/projects.js,103,js,d56ce691,Casey J So,2025-10-27,21:41:38,-07:00,2025-10-27T21:41:38-07:00,3,27
projects/projects.js,104,js,2b963ee8,Casey J So,2025-10-25,20:19:40,-07:00,2025-10-25T20:19:40-07:00,2,0
projects/projects.js,105,js,9a3a90a9,Casey J So,2025-10-25,19:07:14,-07:00,2025-10-25T19:07:14-07:00,2,14
projects/projects.js,106,js,9a3a90a9,Casey J So,2025-10-25,19:07:14,-07:00,2025-10-25T19:07:14-07:00,2,45
projects/projects.js,107,js,9a3a90a9,Casey J So,2025-10-25,19:07:14,-07:00,2025-10-25T19:07:14-07:00,0,0
projects/projects.js,108,js,9a3a90a9,Casey J So,2025-10-25,19:07:14,-07:00,2025-10-25T19:07:14-07:00,1,24
projects/projects.js,109,js,9a3a90a9,Casey J So,2025-10-25,19:07:14,-07:00,2025-10-25T19:07:14-07:00,2,14
projects/projects.js,110,js,9a3a90a9,Casey J So,2025-10-25,19:07:14,-07:00,2025-10-25T19:07:14-07:00,2,9
projects/projects.js,111,js,9a3a90a9,Casey J So,2025-10-25,19:07:14,-07:00,2025-10-25T19:07:14-07:00,2,9
projects/projects.js,112,js,6ac6b661,Casey J So,2025-10-25,19:25:00,-07:00,2025-10-25T19:25:00-07:00,2,65
projects/projects.js,113,js,6ac6b661,Casey J So,2025-10-25,19:25:00,-07:00,2025-10-25T19:25:00-07:00,2,22
projects/projects.js,114,js,6ac6b661,Casey J So,2025-10-25,19:25:00,-07:00,2025-10-25T19:25:00-07:00,3,43
projects/projects.js,115,js,6ac6b661,Casey J So,2025-10-25,19:25:00,-07:00,2025-10-25T19:25:00-07:00,3,43
projects/projects.js,116,js,6ac6b661,Casey J So,2025-10-25,19:25:00,-07:00,2025-10-25T19:25:00-07:00,4,39
projects/projects.js,117,js,6ac6b661,Casey J So,2025-10-25,19:25:00,-07:00,2025-10-25T19:25:00-07:00,3,0
projects/projects.js,118,js,6ac6b661,Casey J So,2025-10-25,19:25:00,-07:00,2025-10-25T19:25:00-07:00,3,46
projects/projects.js,119,js,6ac6b661,Casey J So,2025-10-25,19:25:00,-07:00,2025-10-25T19:25:00-07:00,4,39
projects/projects.js,120,js,6ac6b661,Casey J So,2025-10-25,19:25:00,-07:00,2025-10-25T19:25:00-07:00,3,0
projects/projects.js,121,js,34a712b2,Casey J So,2025-10-25,19:31:31,-07:00,2025-10-25T19:31:31-07:00,0,0
projects/projects.js,122,js,d56ce691,Casey J So,2025-10-27,21:41:38,-07:00,2025-10-27T21:41:38-07:00,3,52
projects/projects.js,123,js,d56ce691,Casey J So,2025-10-27,21:41:38,-07:00,2025-10-27T21:41:38-07:00,3,52
projects/projects.js,124,js,d56ce691,Casey J So,2025-10-27,21:41:38,-07:00,2025-10-27T21:41:38-07:00,0,0
projects/projects.js,125,js,d56ce691,Casey J So,2025-10-27,21:41:38,-07:00,2025-10-27T21:41:38-07:00,3,33
projects/projects.js,126,js,d56ce691,Casey J So,2025-10-27,21:41:38,-07:00,2025-10-27T21:41:38-07:00,4,36
projects/projects.js,127,js,d56ce691,Casey J So,2025-10-27,21:41:38,-07:00,2025-10-27T21:41:38-07:00,3,0
projects/projects.js,128,js,d56ce691,Casey J So,2025-10-27,21:41:38,-07:00,2025-10-27T21:41:38-07:00,0,0
projects/projects.js,129,js,d56ce691,Casey J So,2025-10-27,21:41:38,-07:00,2025-10-27T21:41:38-07:00,3,25
projects/projects.js,130,js,34a712b2,Casey J So,2025-10-25,19:31:31,-07:00,2025-10-25T19:31:31-07:00,4,37
projects/projects.js,131,js,d56ce691,Casey J So,2025-10-27,21:41:38,-07:00,2025-10-27T21:41:38-07:00,4,63
projects/projects.js,132,js,34a712b2,Casey J So,2025-10-25,19:31:31,-07:00,2025-10-25T19:31:31-07:00,3,0
projects/projects.js,133,js,efd06fcf,Casey J So,2025-10-25,20:13:45,-07:00,2025-10-25T20:13:45-07:00,0,0
projects/projects.js,134,js,d56ce691,Casey J So,2025-10-27,21:41:38,-07:00,2025-10-27T21:41:38-07:00,3,48
projects/projects.js,135,js,d56ce691,Casey J So,2025-10-27,21:41:38,-07:00,2025-10-27T21:41:38-07:00,3,27
projects/projects.js,136,js,6ac6b661,Casey J So,2025-10-25,19:25:00,-07:00,2025-10-25T19:25:00-07:00,2,1
projects/projects.js,137,js,9a3a90a9,Casey J So,2025-10-25,19:07:14,-07:00,2025-10-25T19:07:14-07:00,0,0
projects/projects.js,138,js,9a3a90a9,Casey J So,2025-10-25,19:07:14,-07:00,2025-10-25T19:07:14-07:00,1,9
projects/projects.js,139,js,9a3a90a9,Casey J So,2025-10-25,19:07:14,-07:00,2025-10-25T19:07:14-07:00,2,13
projects/projects.js,140,js,9a3a90a9,Casey J So,2025-10-25,19:07:14,-07:00,2025-10-25T19:07:14-07:00,2,22
projects/projects.js,141,js,9a3a90a9,Casey J So,2025-10-25,19:07:14,-07:00,2025-10-25T19:07:14-07:00,2,40
projects/projects.js,142,js,9a3a90a9,Casey J So,2025-10-25,19:07:14,-07:00,2025-10-25T19:07:14-07:00,0,0
projects/projects.js,143,js,9a3a90a9,Casey J So,2025-10-25,19:07:14,-07:00,2025-10-25T19:07:14-07:00,1,9
projects/projects.js,144,js,9a3a90a9,Casey J So,2025-10-25,19:07:14,-07:00,2025-10-25T19:07:14-07:00,2,13
projects/projects.js,145,js,9a3a90a9,Casey J So,2025-10-25,19:07:14,-07:00,2025-10-25T19:07:14-07:00,2,36
projects/projects.js,146,js,9a3a90a9,Casey J So,2025-10-25,19:07:14,-07:00,2025-10-25T19:07:14-07:00,0,0
projects/projects.js,147,js,9a3a90a9,Casey J So,2025-10-25,19:07:14,-07:00,2025-10-25T19:07:14-07:00,0,0
projects/projects.js,148,js,6ac6b661,Casey J So,2025-10-25,19:25:00,-07:00,2025-10-25T19:25:00-07:00,0,13
projects/index.html,1,html,83ee33cd,Casey J So,2025-09-29,11:25:02,-07:00,2025-09-29T11:25:02-07:00,0,13
projects/index.html,2,html,83ee33cd,Casey J So,2025-09-29,11:25:02,-07:00,2025-09-29T11:25:02-07:00,0,14
projects/index.html,3,html,c485ff19,Casey J So,2025-10-25,17:57:58,-07:00,2025-10-25T17:57:58-07:00,0,4
projects/index.html,4,html,c485ff19,Casey J So,2025-10-25,17:57:58,-07:00,2025-10-25T17:57:58-07:00,1,20
projects/index.html,5,html,9a3a90a9,Casey J So,2025-10-25,19:07:14,-07:00,2025-10-25T19:07:14-07:00,1,68
projects/index.html,6,html,9a3a90a9,Casey J So,2025-10-25,19:07:14,-07:00,2025-10-25T19:07:14-07:00,1,32
projects/index.html,7,html,c485ff19,Casey J So,2025-10-25,17:57:58,-07:00,2025-10-25T17:57:58-07:00,1,41
projects/index.html,8,html,c485ff19,Casey J So,2025-10-25,17:57:58,-07:00,2025-10-25T17:57:58-07:00,1,48
projects/index.html,9,html,9a3a90a9,Casey J So,2025-10-25,19:07:14,-07:00,2025-10-25T19:07:14-07:00,1,53
projects/index.html,10,html,c485ff19,Casey J So,2025-10-25,17:57:58,-07:00,2025-10-25T17:57:58-07:00,0,5
projects/index.html,11,html,c485ff19,Casey J So,2025-10-25,17:57:58,-07:00,2025-10-25T17:57:58-07:00,0,4
projects/index.html,12,html,9a3a90a9,Casey J So,2025-10-25,19:07:14,-07:00,2025-10-25T19:07:14-07:00,0,0
projects/index.html,13,html,9a3a90a9,Casey J So,2025-10-25,19:07:14,-07:00,2025-10-25T19:07:14-07:00,1,42
projects/index.html,14,html,9a3a90a9,Casey J So,2025-10-25,19:07:14,-07:00,2025-10-25T19:07:14-07:00,0,0
projects/index.html,15,html,9a3a90a9,Casey J So,2025-10-25,19:07:14,-07:00,2025-10-25T19:07:14-07:00,1,70
projects/index.html,16,html,9a3a90a9,Casey J So,2025-10-25,19:07:14,-07:00,2025-10-25T19:07:14-07:00,0,0
projects/index.html,17,html,9a3a90a9,Casey J So,2025-10-25,19:07:14,-07:00,2025-10-25T19:07:14-07:00,1,27
projects/index.html,18,html,9a3a90a9,Casey J So,2025-10-25,19:07:14,-07:00,2025-10-25T19:07:14-07:00,2,50
projects/index.html,19,html,9a3a90a9,Casey J So,2025-10-25,19:07:14,-07:00,2025-10-25T19:07:14-07:00,2,22
projects/index.html,20,html,9a3a90a9,Casey J So,2025-10-25,19:07:14,-07:00,2025-10-25T19:07:14-07:00,1,8
projects/index.html,21,html,9a3a90a9,Casey J So,2025-10-25,19:07:14,-07:00,2025-10-25T19:07:14-07:00,0,0
projects/index.html,22,html,c485ff19,Casey J So,2025-10-25,17:57:58,-07:00,2025-10-25T17:57:58-07:00,1,26
projects/index.html,23,html,c485ff19,Casey J So,2025-10-25,17:57:58,-07:00,2025-10-25T17:57:58-07:00,0,5
projects/index.html,24,html,c485ff19,Casey J So,2025-10-25,17:57:58,-07:00,2025-10-25T17:57:58-07:00,0,5
contact/index.html,1,html,83ee33cd,Casey J So,2025-09-29,11:25:02,-07:00,2025-09-29T11:25:02-07:00,0,13
contact/index.html,2,html,83ee33cd,Casey J So,2025-09-29,11:25:02,-07:00,2025-09-29T11:25:02-07:00,0,14
contact/index.html,3,html,83ee33cd,Casey J So,2025-09-29,11:25:02,-07:00,2025-09-29T11:25:02-07:00,0,4
contact/index.html,4,html,83ee33cd,Casey J So,2025-09-29,11:25:02,-07:00,2025-09-29T11:25:02-07:00,1,20
contact/index.html,5,html,83ee33cd,Casey J So,2025-09-29,11:25:02,-07:00,2025-09-29T11:25:02-07:00,1,20
contact/index.html,6,html,83ee33cd,Casey J So,2025-09-29,11:25:02,-07:00,2025-09-29T11:25:02-07:00,1,41
contact/index.html,7,html,a62af031,Casey J So,2025-10-14,21:26:55,-07:00,2025-10-14T21:26:55-07:00,1,48
contact/index.html,8,html,a62af031,Casey J So,2025-10-14,21:26:55,-07:00,2025-10-14T21:26:55-07:00,0,0
contact/index.html,9,html,83ee33cd,Casey J So,2025-09-29,11:25:02,-07:00,2025-09-29T11:25:02-07:00,0,5
contact/index.html,10,html,83ee33cd,Casey J So,2025-09-29,11:25:02,-07:00,2025-09-29T11:25:02-07:00,0,4
contact/index.html,11,html,83ee33cd,Casey J So,2025-09-29,11:25:02,-07:00,2025-09-29T11:25:02-07:00,0,0
contact/index.html,12,html,d1e389e5,Casey J So,2025-10-14,21:55:11,-07:00,2025-10-14T21:55:11-07:00,1,8
contact/index.html,13,html,83ee33cd,Casey J So,2025-09-29,11:25:02,-07:00,2025-09-29T11:25:02-07:00,2,30
contact/index.html,14,html,83ee33cd,Casey J So,2025-09-29,11:25:02,-07:00,2025-09-29T11:25:02-07:00,2,43
contact/index.html,15,html,f4dac349,Casey J So,2025-10-07,17:13:36,-07:00,2025-10-07T17:13:36-07:00,2,59
contact/index.html,16,html,6b2881b6,Casey J So,2025-09-29,23:04:52,-07:00,2025-09-29T23:04:52-07:00,2,61
contact/index.html,17,html,4679e01d,Casey J So,2025-09-29,23:25:27,-07:00,2025-09-29T23:25:27-07:00,2,33
contact/index.html,18,html,d1e389e5,Casey J So,2025-10-14,21:55:11,-07:00,2025-10-14T21:55:11-07:00,1,8
contact/index.html,19,html,83ee33cd,Casey J So,2025-09-29,11:25:02,-07:00,2025-09-29T11:25:02-07:00,0,0
contact/index.html,20,html,83ee33cd,Casey J So,2025-09-29,11:25:02,-07:00,2025-09-29T11:25:02-07:00,1,14
contact/index.html,21,html,294b5841,Casey J So,2025-10-01,11:47:42,-07:00,2025-10-01T11:47:42-07:00,0,0
contact/index.html,22,html,e482e6b2,Casey J So,2025-10-15,15:58:56,-07:00,2025-10-15T15:58:56-07:00,0,34
contact/index.html,23,html,e482e6b2,Casey J So,2025-10-15,15:58:56,-07:00,2025-10-15T15:58:56-07:00,1,5
contact/index.html,24,html,e482e6b2,Casey J So,2025-10-15,15:58:56,-07:00,2025-10-15T15:58:56-07:00,2,6
contact/index.html,25,html,e482e6b2,Casey J So,2025-10-15,15:58:56,-07:00,2025-10-15T15:58:56-07:00,2,41
contact/index.html,26,html,e482e6b2,Casey J So,2025-10-15,15:58:56,-07:00,2025-10-15T15:58:56-07:00,1,6
contact/index.html,27,html,e482e6b2,Casey J So,2025-10-15,15:58:56,-07:00,2025-10-15T15:58:56-07:00,0,0
contact/index.html,28,html,e482e6b2,Casey J So,2025-10-15,15:58:56,-07:00,2025-10-15T15:58:56-07:00,1,5
contact/index.html,29,html,e482e6b2,Casey J So,2025-10-15,15:58:56,-07:00,2025-10-15T15:58:56-07:00,2,6
contact/index.html,30,html,e482e6b2,Casey J So,2025-10-15,15:58:56,-07:00,2025-10-15T15:58:56-07:00,2,40
contact/index.html,31,html,e482e6b2,Casey J So,2025-10-15,15:58:56,-07:00,2025-10-15T15:58:56-07:00,1,6
contact/index.html,32,html,e482e6b2,Casey J So,2025-10-15,15:58:56,-07:00,2025-10-15T15:58:56-07:00,0,0
contact/index.html,33,html,e482e6b2,Casey J So,2025-10-15,15:58:56,-07:00,2025-10-15T15:58:56-07:00,1,33
contact/index.html,34,html,e482e6b2,Casey J So,2025-10-15,15:58:56,-07:00,2025-10-15T15:58:56-07:00,0,5
contact/index.html,35,html,e482e6b2,Casey J So,2025-10-15,15:58:56,-07:00,2025-10-15T15:58:56-07:00,0,6
contact/index.html,36,html,e482e6b2,Casey J So,2025-10-15,15:58:56,-07:00,2025-10-15T15:58:56-07:00,2,42
contact/index.html,37,html,e482e6b2,Casey J So,2025-10-15,15:58:56,-07:00,2025-10-15T15:58:56-07:00,0,0
contact/index.html,38,html,e482e6b2,Casey J So,2025-10-15,15:58:56,-07:00,2025-10-15T15:58:56-07:00,2,48
contact/index.html,39,html,54312e7d,Casey J So,2025-10-22,15:06:05,-07:00,2025-10-22T15:06:05-07:00,3,21
contact/index.html,40,html,e482e6b2,Casey J So,2025-10-15,15:58:56,-07:00,2025-10-15T15:58:56-07:00,0,0
contact/index.html,41,html,e482e6b2,Casey J So,2025-10-15,15:58:56,-07:00,2025-10-15T15:58:56-07:00,3,30
contact/index.html,42,html,e482e6b2,Casey J So,2025-10-15,15:58:56,-07:00,2025-10-15T15:58:56-07:00,3,16
contact/index.html,43,html,e482e6b2,Casey J So,2025-10-15,15:58:56,-07:00,2025-10-15T15:58:56-07:00,0,0
contact/index.html,44,html,e482e6b2,Casey J So,2025-10-15,15:58:56,-07:00,2025-10-15T15:58:56-07:00,3,31
contact/index.html,45,html,e482e6b2,Casey J So,2025-10-15,15:58:56,-07:00,2025-10-15T15:58:56-07:00,4,50
contact/index.html,46,html,e482e6b2,Casey J So,2025-10-15,15:58:56,-07:00,2025-10-15T15:58:56-07:00,3,0
contact/index.html,47,html,e482e6b2,Casey J So,2025-10-15,15:58:56,-07:00,2025-10-15T15:58:56-07:00,0,0
contact/index.html,48,html,e482e6b2,Casey J So,2025-10-15,15:58:56,-07:00,2025-10-15T15:58:56-07:00,3,29
contact/index.html,49,html,e482e6b2,Casey J So,2025-10-15,15:58:56,-07:00,2025-10-15T15:58:56-07:00,3,36
contact/index.html,50,html,e482e6b2,Casey J So,2025-10-15,15:58:56,-07:00,2025-10-15T15:58:56-07:00,0,0
contact/index.html,51,html,54312e7d,Casey J So,2025-10-22,15:06:05,-07:00,2025-10-22T15:06:05-07:00,3,18
contact/index.html,52,html,e482e6b2,Casey J So,2025-10-15,15:58:56,-07:00,2025-10-15T15:58:56-07:00,2,1
contact/index.html,53,html,e482e6b2,Casey J So,2025-10-15,15:58:56,-07:00,2025-10-15T15:58:56-07:00,1,7
contact/index.html,54,html,83ee33cd,Casey J So,2025-09-29,11:25:02,-07:00,2025-09-29T11:25:02-07:00,0,5
contact/index.html,55,html,83ee33cd,Casey J So,2025-09-29,11:25:02,-07:00,2025-09-29T11:25:02-07:00,0,5
contact/index.html,56,html,e482e6b2,Casey J So,2025-10-15,15:58:56,-07:00,2025-10-15T15:58:56-07:00,0,0
